,Organisation name,Tender description,Tender type,Number of bids,Name of selected bidder,Contract value,Published date,Contract date,Completion date
0,NHPC Limited||Corporate Office-Faridabad-NHPC||Contract-E and M-CO-NHPC,Renewal of Annual Subscription of existing Staad Pro V8i Software Licenses (16 No.) and Latest Staad Foundation License (01 No.),Goods,1.0,Bentley Systems India Private Limited,505199.0,2017-12-29 15:00:00,2018-03-01 00:00:00,
1,North Eastern Police Academy,"Supply, Installation, Testing, Commissioning of Mobile forensics Solutions with Training on Software",Works,2.0,Aspirify Enterprises Private Limited,1262600.0,2017-12-27 17:00:00,2018-03-19 00:00:00,
2,Central Electricity Authority - CEA,"Supply and Installation of Laptop Computers with MS Office Software in Central Electricity Authority, New Delhi",Goods,7.0,Corporate Infotech Pvt. Ltd,3332127.0,2017-12-27 12:00:00,2018-02-27 00:00:00,
3,"Department of Agricultural Research and Education||Indian Council of Agricultural Research,DoARE,MoA||National Inst. of Agril. Eco. and Policy Research",Software and Firewall Tender,Goods,5.0,"BIPS SYSTEMS LIMITED,Binary Semantics Limited,S. B. INFO SERVICES",359901.68,2017-12-23 17:00:00,2018-03-07 00:00:00,
4,Nuclear Power Corporation of India Limited,"Comprehensive Annual Maintenance Contract for maintenance of KIP 3100, Digital, A0 size Scanner / Printer / Plotter machine with all its supplied accessories, softwares, stabiliser, etc. as per conditions in Annexure-1",,1.0,Reprograhics India,477900.0,2017-12-22 17:00:00,2018-03-01 08:00:00,2019-02-28 08:00:00
5,Nuclear Power Corporation of India Limited,"Supply, Installation, Training and Warranty of ALTAIR HYPER WORKS SOFTWAREâ€™S ONE NETWORK LICENSE (containing 50 HWU Tokens) at NPCIL HQ Mumbai",,3.0,Designtech Systems Limited,5900000.0,2017-12-22 14:30:00,2018-04-04 08:00:00,2018-05-02 08:00:00
6,Council of Scientific and Industrial Research||CIMAP-Lucknow - CSIR||Purchase-CIMAP - CSIR,"Supply and Installation of Upright Light Microscope (up gradable to fluorescence) with motorized system, colour camera and desktop having image analysis software attached",Goods,2.0,DSS IMAGETECH PVT. LTD.,559845.0,2017-12-21 18:30:00,2018-07-05 00:00:00,
7,E-IN-C BRANCH - MILITARY ENGINEER SERVICES||CESC AND CE BHOPAL ZONE - MES,QUOTATION FOR SUPPLY AND INSTALLATION OF ANTI VIRUS SOFTWARE,Goods,3.0,LAKSHYA INFOTECH,59850.0,2017-12-18 13:15:00,2018-03-06 00:00:00,
8,NTPC Limited||Western Region - II Headquarter||Khargone Super Thermal Power Project,Procurement of Softwares for NTPC-Khargone.,Goods,3.0,"ANB COMPUTER SOLUTIONS PRIVATE LIMITED,SAM SYSTEMS,Kiosk Technologies Pvt. Ltd",963208.0,2017-12-18 11:00:00,2018-03-12 00:00:00,
9,BHEL Hyderabad,AMC FOR SIEMENS ENGG SOFTWARE PRODUCTS,,0.0,SIEMENS INDUSTRY SOFTWARE INDIA PVT,0.0,2017-12-16 09:00:00,2017-12-18 09:00:00,2018-09-30 09:00:00
10,Nuclear Power Corporation of India Limited,"Supply, Installation, Commissioning, Training and Three years onsite Warranty of CAESER-II & PV ELITE Softwares and Hardwares",,1.0,ImageGrafix Engineering Services Pvt. Ltd,3774148.0,2017-12-15 17:02:00,2017-12-20 08:00:00,2018-03-20 08:00:00
11,Nuclear Power Corporation of India Limited,Supply of Double BeamUV-VIS Spectrophotometer with Software One pair of 10mm & 50 mm Silica Cuvettes with PC & Printer,,3.0,AMP TEKNO SERVICES,794140.0,2017-12-15 11:00:00,2018-05-08 08:00:00,2018-09-05 08:00:00
12,National Council for Promotion of Urdu Language,"Supply, installation, testing and commissioning of desktop, UPS, Printers, networking and softwares",Goods,5.0,Bharat IT Services Ltd.,24791480.0,2017-12-13 18:00:00,2018-01-31 00:00:00,
13,"Rashtriya Chemicals and Fertilizers Ltd.||IT,RCFLTD,MCF",CSI2130 SOFTWARE UPGRADATION,Services,1.0,Emerson Process Management (I) Pvt. Ltd.,430000.0,2017-12-13 12:00:00,2018-04-21 00:00:00,
14,BHEL EDN,DIAGNOSTICS & WATER CHEMISTRY SOFTWARE,,1.0,STEAG Energy Services GmbH,0.0,2017-12-11 09:00:00,2017-12-11 09:00:00,2017-12-11 09:00:00
15,BHEL EDN,DIAGNOSTICS AND WATER CHEMISTRY SOFTWARE,,1.0,STEAG Energy Services GmbH,0.0,2017-12-11 09:00:00,2017-12-11 09:00:00,2017-12-11 09:00:00
16,BHEL EDN,DIAGNOSTICS AND WATER CHEMISTRY SOFTWARE,,1.0,STEAG Energy Services GmbH,0.0,2017-12-11 09:00:00,2017-12-11 09:00:00,2017-12-11 09:00:00
17,Defence Research and Development Organisation||Directorate of Material Management - DRDO||Office of DG(Aero) - DRDO||GTRE - DRDO,Absint Stack Analyzer Software Module (Power PC),Goods,1.0,I Micro System,863100.0,2017-12-11 09:00:00,2018-03-27 00:00:00,
18,Development Commissioner(MSME)||HQ DC-MSME(Delhi)||SENET - DC-MSME,Supply and Installation Of Master Cam Software,Goods,3.0,COMPTEK INTERNATIONAL,1004180.0,2017-12-08 17:00:00,2018-05-18 00:00:00,
19,Development Commissioner(MSME)||HQ DC-MSME(Delhi)||SENET - DC-MSME,Supply and Installation Of Master Cam Commercial Software,Goods,3.0,COMPTEK INTERNATIONAL,566400.0,2017-12-08 16:50:00,2018-05-18 00:00:00,
20,IndianOil||Research and Development||Materials,Supply Installation Commissioning and Training of Inertial Measurement unit along with the post processing software for integration with IPIG for XYZ mapping tool,Goods,2.0,Whirlybird Electronics Pvt Ltd,17000000.0,2017-12-08 11:00:00,2018-07-03 00:00:00,
21,E-IN-C BRANCH - MILITARY ENGINEER SERVICES||CESC AND CE( NAVY )MUMBAI - MES||CWE (SUBURB) MUMBAI - MES,Supply and implementation of Complaint Handling System Software,Services,4.0,"SV Web and Informatics,Abel Infotech,SRI LAKSHMI ENTERPRISES,CLIVESYSNET PVT LTD",589322.0,2017-12-07 15:30:00,2018-02-28 00:00:00,
22,Council of Scientific and Industrial Research||CECRI-Karaikudi - CSIR||Purchase-CECRI - CSIR,PROCURMENT OF SOFTWARE,Goods,4.0,SHRI GIRISH MARKETING,427050.0,2017-12-07 15:20:00,2018-02-13 00:00:00,
23,Development Commissioner(MSME)||HQ DC-MSME(Delhi)||SENET - DC-MSME,EPLAN Academic Software,Goods,1.0,Ark Infosolutions Pvt Ltd,850000.0,2017-12-07 14:00:00,2018-02-08 00:00:00,
24,Research and Development||Materials,Supply Installation Commissioning and Training of Software and Hardware upgrade of Rigaku XRD Equipment,Goods,1.0,I R Technology Services Pvt Ltd.,2754240.0,2017-12-06 18:30:00,2018-03-06 00:00:00,
25,Defence Research and Development Organisation||Directorate of Material Management - DRDO||Office of DG(Aero) - DRDO||ADRDE - DRDO,Single Board Computer with Onboard Sensors and Transceiver along with software for HILS as per Specification and ATP,Goods,4.0,"Shotam Instruments Pvt Ltd,i2r Solutions",830000.0,2017-12-05 15:20:00,2018-02-20 00:00:00,
26,Nuclear Power Corporation of India Limited,"Supply, Installation, Testing, Training and Warranty of MATLAB Software",,3.0,Designtech Systems Limited,3046255.0,2017-12-05 15:05:00,2018-02-02 08:00:00,2018-03-09 08:00:00
27,"BHEL Corporate Research And Development Division, VIKAS NAGAR, HYDERABAD 500093",Chemical Process Modeling And simulation software,,2.0,INGENIOUS PROCESS SOLUTIONS PVT.LTD,2700000.0,2017-12-05 12:00:00,2018-04-28 12:00:00,
28,Mahanadi Coalfields Limited||HQ SYSTEM||SYSTEM,To provide Maintenance support for customized ERP named CoalNet Application Software at Mahanadi Coalfield Limited for three years,Works,1.0,Tata Consultancy Services Limited,52666194.0,2017-12-05 12:00:00,2018-04-13 00:00:00,
29,Madras Fertilizers Limited||Materials Management - MFL,Purchase of Software for PF solutions,Services,3.0,"VERSION SYSTEMS PRIVATE LIMITED,Triple A Solutions Pvt. Ltd.",232000.0,2017-11-29 10:45:00,2018-03-16 00:00:00,
30,BHEL EDN,MESSAGING/SMS SOFTWARE FOR MIS SYSTEM,,1.0,SSM INFOTECH SOLUTIONS PVT. LTD.,0.0,2017-11-29 09:00:00,2017-11-29 09:00:00,2017-11-29 09:00:00
31,Development Commissioner(MSME)||HQ DC-MSME(Delhi)||SENET - DC-MSME,"Pneumatic And Electro-Pneumatic Training System with Measurement, Control And Software",Goods,6.0,VISHAL VYAPAR VIKASH,1404200.0,2017-11-28 17:45:00,2018-03-17 00:00:00,
32,Development Commissioner(MSME)||HQ DC-MSME(Delhi)||SENET - DC-MSME,"Hydraulic And Electro Hydraulic Training System with Measurement, Control And Software",Goods,5.0,VISHAL VYAPAR VIKASH,2714000.0,2017-11-28 17:30:00,2018-03-17 00:00:00,
33,NTPC Ltd.,Procurement of Application Software for,,0.0,EMBEE SOFTWARE PVT LTD,81390.0,2017-11-28 01:01:00,2017-11-28 01:01:00,
34,Defence Research and Development Organisation||Directorate of Material Management - DRDO||Office of DG(ACE) - DRDO||ARDE - DRDO,AMC FOR LDRA SOFTWARE TESTBED TOOLSUITE,Services,1.0,LDRA Technology Pvt. Ltd.,621000.0,2017-11-27 17:00:00,2018-02-28 00:00:00,
35,"Department of Electronics and Information Technology(DeitY)||National Institute of Electronics and Information Technology, NIELIT,DeitY||NIEIT Gorakhpur Centre - DeitY",Supply of EDA Software tools,Goods,4.0,"TRINITY MICROSYSTEMS PVT. LTD.,Entuple Technologies Private Limited,Gigasoft India",1923400.0,2017-11-27 15:00:00,2018-03-07 00:00:00,
36,"PRRPL, Bhubaneswar||Materials",Supply of Professional PDF Editor Software,Goods,3.0,RUHI MARKETING,160192.0,2017-11-27 10:00:00,2018-01-19 00:00:00,
37,NTPC Ltd.,Procurement of Compatible Software (Wind,,0.0,AIWA WEIGH INSTRUMENTS (INDIA),35000.0,2017-11-25 01:01:00,2017-11-25 01:01:00,
38,National Council of Science Museums||BITM-Kolkata - NCSM,"supply, setup cameras, installation, implementation, commissioning, training, maintenance set up of necessary hardware, software, materials, services, support, wired, wireless, fiber optics networking etc. of IP based Video Surveillance System",Works,3.0,COGNITIVE TECHNOLOGIES,2045409.64,2017-11-24 14:00:00,2018-04-24 00:00:00,
39,Indian Institute of Engineering Science and Technology - Shibpur,"Supply and installation of 1. Small Data Logger Set(12nos.), 2. Temperature / Humidity Data Logger SetLarge(1 no.) , 3.Urbawind software (1no.), 4.VE/VE pro software(1no.).",Goods,3.0,"MSA Instruments,Infinite Engineering Solutions Pvt. Ltd.,Meteodyn Climatology and Dynamics India Private Limited",1447031.0,2017-11-23 11:00:00,2018-03-05 00:00:00,
40,E-IN-C BRANCH - MILITARY ENGINEER SERVICES||CE SC AND CE CHENNAI ZONE - MES||CWE CHENNAI - MES||GE CHENNAI - MES,Total Security Antivirus Software,Works,6.0,Sunhardsystemsandsolutions@gmail.com,10195.2,2017-11-23 09:00:00,2017-12-20 00:00:00,
41,Nuclear Power Corporation of India Limited,Procurement of ANSYS FLUENT Software along with compatible computing infrastructure.,,3.0,3D Engineering Automation LLP,9269494.0,2017-11-22 12:06:00,2018-01-17 08:00:00,2018-03-05 08:00:00
42,Mangalore Refinery and Petrochemicals Limited,UPGRADATION /RENEWAL OF BACKUP SOFTWARE LICENSE WITH ANNUAL SUPPORT & SUBSCRIPTION,Limited,3.0,FORESIGHT SOFTWARE SOLUTIONS PVT LTD,1481030.0,2017-11-22 00:00:00,2018-02-03 00:00:00,
43,E-IN-C BRANCH - MILITARY ENGINEER SERVICES||CE SC AND CE CHENNAI ZONE - MES||CWE (ARMY) BANGALORE - MES||GE (P) BANGALORE - MES,supply of software and Computers,Goods,4.0,"Mccann Info Solution,CSI ENGINEERING SOFTWARE PVT. LTD",462151.0,2017-11-20 16:00:00,2018-01-04 00:00:00,
44,BHEL BHOPAL,"1)DISTURBANCE RECORDER TR116+-P1-F1-R1-T3-C1-C3B-F50-Q0-E-D0-MS1 ALONG WITH SOFTWARE CD AS PER IT-01,ANN-1 Qty: 2 NO",,,AMETEK POWER INSTRUMENTS,,2017-11-14 17:00:00,2018-02-15 17:00:00,
45,South Eastern Coalfields Limited||Jamuna & Kotma Area,Modification of survey office for Auto plotter and software at AMDOCP of Jamuna Kotma Area.,Works,3.0,RANJEET SINGH,564248.25,2017-11-13 16:00:00,2018-02-22 00:00:00,
46,BHEL EDN,HMS Software,,1.0,MTL INSTRUMENTS PVT. LTD.,0.0,2017-11-13 09:00:00,2017-11-13 09:00:00,2017-11-13 09:00:00
47,Defence Research and Development Organisation||Directorate of Material Management - DRDO||Office of DG(NS and M) - DRDO||NPOL - DRDO,Supply of 16 Channel Strain Gauge Data Acquisition System with Post Processing Software.,Goods,4.0,M/s HOTTINGER BALDWIN MESSTECHNIK GMBH,1253290.0,2017-11-11 16:00:00,2018-09-12 00:00:00,
48,MMTC Limited,"Comprehensive Annual Maintenance of System Hardware and Software at MMTC Limited, SRO Barbil",Services,1.0,I T SOLUTIONS,118000.0,2017-11-09 17:00:00,2018-01-01 00:00:00,
49,Department of Electronics and Information Technology(DeitY)||Centre for Development of Advanced Computing - DeitY||Pune - C-DAC - DeitY,Live Video Streaming Software,Goods,3.0,Pelorus Technologies Pvt. Ltd.,3830043.0,2017-11-09 16:00:00,2018-04-20 00:00:00,
50,BHEL EDN,HMS Software,,1.0,MTL INSTRUMENTS PVT. LTD.,0.0,2017-11-09 09:00:00,2017-11-09 09:00:00,2017-11-09 09:00:00
51,Nuclear Power Corporation of India Limited,Primavera Application Software,,1.0,ImageGrafix Engineering Services Pvt. Ltd,910530.0,2017-11-09 00:00:00,2018-01-27 08:00:00,2018-03-03 08:00:00
52,Nuclear Power Corporation of India Limited,"Supply, Documentation, Installation, Commissioning & Configuration, Demonstration, Training and Comprehensive Onsite Warranty of Servers and Software for GHAVP-1&2.",,3.0,Parity InfoTech Solutions Private Limited,48743374.0,2017-11-08 09:40:00,2018-02-09 08:00:00,2018-06-09 08:00:00
53,IHQ of MoD (Army)-(OSCC)||ARTRAC-IHQ of MoD (Army)-(OSCC)||SDD-IHQ of MoD (Army)-(OSCC),RFP FOR DEVELOPMENT OF INSTRUMENTED MANNEQUIN AND APPLICATION SOFTWARE OF AUGMENTED REALITY BASED ADVANCED MANNEQUIN SYSTMS (AR-AMS),Goods,3.0,"sec industries pvt ltd,GreyKernel Technologies India Pvt Ltd",4029995.0,2017-11-07 18:40:00,2018-12-05 00:00:00,
54,Defence Research and Development Organisation||Directorate of Material Management - DRDO||Office of DG(MED and COS) - DRDO||CAIR - DRDO,AMC of SOLIDCAM software and Conversion of SOLIDCAM standalone to Network License,Goods,2.0,"CADVIN TECHNOLOGIES,Viasell Consultancy Services",337655.0,2017-11-07 10:00:00,2018-05-10 00:00:00,
55,Barauni Refinery||Contract,Upgradation and Renewal of License of existing Process Simulation Software PRO II at Barauni Refinery.,Works,1.0,Schneider Electric Systems India Private Limited,5668000.0,2017-11-03 17:00:00,2018-02-06 00:00:00,
56,Director-Indian Institute of Technology(IIT Delhi)||Dy.Registrar(Stores) Central Store Purchase Section-IIT Delhi,Ambulatory Holter Analyser Software,Goods,1.0,Schiller Healthcare India Pvt Ltd,303450.0,2017-11-03 17:00:00,2018-05-07 00:00:00,
57,Department of Electronics and Information Technology(DeitY)||Centre for Development of Advanced Computing - DeitY||Pune - C-DAC - DeitY,Perpetual Licensing of Atlassian FishEye and JIRA Server Software etc. as per enquiry,Goods,2.0,KanakDhara Software Developers,298450.0,2017-11-03 15:35:00,2017-12-12 00:00:00,
58,Power System Operation Corporation Limited||WRLDC-Mumbai-POSOCO||Contracts and Materials Dept-WRLDC-POSOCO,"Supply of latest ORACLE Database Enterprise edition Licenses, valid ORACLE Partitioning Licenses and software updates and product support for WRLDC, Mumbai",Goods,5.0,"Path Infotech Limited,MothersonSumi INfotech and Designs Ltd.,ITS DATA-SOLUTIONS PVT LTD,Indus Systems and Services Pvt. Ltd.",22328885.0,2017-11-02 18:00:00,2018-01-18 00:00:00,
59,BHEl TRICHY,COSMOS SOFTWARE SUBSCRIPTION RENEWAL,,1.0,"EGS COMPUTERS INDIA PVT.LTD.,",0.0,2017-11-02 14:00:00,2017-11-14 14:00:00,
60,Bharat Petroleum Corporation Limited,SUPPLY AND IMPLEMENTATION OF SOFTWARE DEFINED NETWORK (SD-WAN) FOR BPCL,Limited,2.0,Sify Technologies Ltd,20878024.38,2017-11-01 15:23:00,2018-03-05 09:30:00,2018-04-29 18:29:00
61,"Department of Posts||Rafi Ahmed Kidwai National Postal Academy,Ghaziabad,Dept. of Posts","Maintenance of Computers, Peripherals and Network (Hardware and Software)",Services,4.0,Fast Tech Technologies Services Pvt Ltd,157844.0,2017-10-31 12:00:00,2018-02-19 00:00:00,
62,Indian Institute of Management Raipur||Store and Purchase Department- IIMRP,Subscription of Microsoft Software as per BOQ of tender document,Goods,1.0,Infobeats,393880.46,2017-10-27 15:00:00,2017-11-21 00:00:00,
63,Nuclear Power Corporation of India Limited,"Supply, Installation, Commissioning, Training and Warranty of COMSOL MULTIPHYSICS 5.2a Software as per technical specification given in Annexure-I -Specification sheet no PC-E-0088 attached under section C of tender document",,1.0,COMSOL Multiphysics Pvt. Ltd,2856780.0,2017-10-27 13:00:00,2018-02-22 08:00:00,2018-03-09 08:00:00
64,Neyveli Lignite Corporation Limited,TPS-II DRY ASH SYSTEM HMI & LOGIC DEVELOPER SOFTWARE UPGRADATION- SUPPLY & TESTING at SITE.,Limited,1.0,SKYTECH INFINITE PLATFORM PVT. LTD,1850000.0,2017-10-26 17:36:00,2017-12-08 00:00:00,2018-03-08 00:00:00
65,Defence Research and Development Organisation||Directorate of Material Management - DRDO||Office of DG(Aero) - DRDO||GTRE - DRDO,Electrical Wire Harness and Control System Design Software Tool,Goods,1.0,Zuken India Pvt Ltd,1461451.0,2017-10-26 12:30:00,2018-03-27 00:00:00,
66,E-IN-C BRANCH - MILITARY ENGINEER SERVICES||CE WC and CE DELHI ZONE-MES||CWE (U) DELHI CANTT-MES||GE(U) P and M DELHI CNATT-MES,AMC FOR E1B DATABASE AND POSTING MANAGEMENT SOFTWARE SYSTEMI NSTALLED AT E-IN-Cs BRANCH AHQ,Works,5.0,Navyug Infosolutions Pvt. Ltd.,350400.0,2017-10-25 18:00:00,2017-11-03 00:00:00,
67,Neyveli Lignite Corporation Limited,1. SYMANTEC MESSAGING GATEWAY SOFTWARE 2. SYMANTEC 8380 HARDWARE APPLIANCE,Limited,2.0,SKYLARK INFORMATION TECHNOLOGIES PRIVATE LIMITED,2775380.51,2017-10-25 17:44:00,2017-12-01 00:00:00,2018-01-20 00:00:00
68,Neyveli Lignite Corporation Limited,MS Office Software,Limited,3.0,STAUNCH TECHNOLOGIES PVT LTD,374892.0,2017-10-25 17:16:00,2017-12-01 00:00:00,2017-12-31 00:00:00
69,Nuclear Power Corporation of India Limited,Annual Maintenance Contract of CFD Software FLUIDYN at NPCIL HQ and as per technical spcification given in Annexure-I attached under section C of tender document,,1.0,Fluidyn Consultancy Private Limited,597375.0,2017-10-25 15:10:00,2017-12-20 08:00:00,2018-12-19 08:00:00
70,Marketing HO||Retail Sales,Development of XTRAREWARDS Software Application on Verifone make PoS Terminals,Works,1.0,Verifone India Sales Pvt Ltd,2861972.0,2017-10-25 10:30:00,2018-02-16 00:00:00,
71,Gujarat Refinery||Materials,Supply Installation Commissioning Training and PWCAMC of Fourier transform infrared spectroscopy FTIR system with windows based software for qualitative and quantitative analysis of petroleum products and chemicals,Goods,3.0,PerkinElmer Singapore Pte Ltd.,25415.0,2017-10-24 10:00:00,2018-05-01 00:00:00,
72,Indian Coast Guard||RHQ (A and N) - ICG,"REPLACEMENT OF EXISTING SOFTWARE AND INSTALLATION OF COMPATIBLE SOFTWARE FOR UPDATION OF ENC CHARTS ON MARIS ECDIS ONBOARD ICGS C-407, C-412, C-414, C-416 AND C-417",Services,1.0,A S Moloobhoy Pvt Ltd,206500.0,2017-10-17 18:00:00,2017-11-15 00:00:00,
73,Kerala State Office||LPG,"Tender for Supply of Carousel Remote Monitoring System software along with the hardware interface and allied works at Indane Bottling Plant, Quilon",Works,1.0,Kosan Crisplant India Private Limited,471056.0,2017-10-17 15:00:00,2017-11-29 00:00:00,
74,HINDUSTAN PETROLEUM CORPORATION LTD,STS Software_MDPL Group P/L,Limited,2.0,Shree Marikamba Solutions Pvt Ltd,493000.0,2017-10-17 00:00:00,2017-11-20 00:00:00,2017-12-31 00:00:00
75,Defence Research and Development Organisation||Directorate of Material Management - DRDO||Office of DG(Aero) - DRDO||GTRE - DRDO,"UP-GRADATION of Calypso Software, CAD Converter and Inclusion of Free Form Software for MMZ-G-CMM",Goods,1.0,Carl Zeiss India(bangalore)Pvt.ltd,3411300.0,2017-10-13 17:00:00,2018-03-19 00:00:00,
76,Defence Research and Development Organisation||Directorate of Material Management - DRDO||Office of DG(ECS) - DRDO||LRDE - DRDO,LDRA Software Testing Toolsuite,Goods,1.0,LDRA Technology Pvt. Ltd.,6940052.0,2017-10-12 18:00:00,2018-07-13 00:00:00,
77,Neyveli Lignite Corporation Limited,"1) Apple Macbook Pro Laptop with Core i5, 8GB, 256GB SSD/Mac OS, 13.3 inch LED Backlit display with IPS technology 2)Video Editing Software Final CutPro X 3) Drone (un-manned aerial vehicle) with accessories 4)Apple iMac work station Intel core i5, 8GB, 1TB HDD, 21.5 inch Display",Limited,3.0,STAUNCH TECHNOLOGIES PVT LTD,502000.0,2017-10-12 13:13:00,2017-11-23 00:00:00,2017-12-14 00:00:00
78,Neyveli Lignite Corporation Limited,"1) Apple Macbook Pro Laptop with Core i5, 8GB, 256GB SSD/Mac OS, 13.3 inch LED Backlit display with IPS technology 2)Video Editing Software Final CutPro X 3) Drone (un-manned aerial vehicle) with accessories 4)Apple iMac work station Intel core i5, 8GB, 1TB HDD, 21.5 inch Display",Limited,3.0,DATALOGICS INDIA PVT LTD,104281.36,2017-10-12 13:13:00,2017-11-23 00:00:00,2017-12-14 00:00:00
79,AOD Digboi||Contracts Section,"Agency for carrying out NDT jobs, Various Data Punching jobs including RBMI Software, Auto CAD drawings and assistance in RBI implementation",Works,7.0,corrsonic engg & NDT services,1150585.77,2017-10-10 18:00:00,2018-01-03 00:00:00,
80,Eastern Coalfields Limited||ECL_Jhanjra area,Comprehensive Annual Maintenance Contract of Face recognition based biometric attendance system of Jhanjra Area including other allied equipments and software for 03 years.,Works,1.0,ELECTRO MECHANICAL ASSOCIATES,462000.0,2017-10-09 16:00:00,2017-12-20 00:00:00,
81,BHEL EDN,Host MVB Interface with Software,,1.0,CENTRE FOR DEVELOPMENT OF ADVANCED,0.0,2017-10-07 09:00:00,2017-10-07 09:00:00,2017-10-07 09:00:00
82,BHEL EDN,Host MVB Interface with Software,,1.0,CENTRE FOR DEVELOPMENT OF ADVANCED,0.0,2017-10-07 09:00:00,2017-10-07 09:00:00,2017-10-07 09:00:00
83,IndianOil||Refineries||Barauni Refinery||Contract,Supply Implementation Training and AMC of Advance Process Control for AVU I and II unit along with APC Hardware and APC software on lump sum basis at Barauni Refinery IOCL,Works,2.0,Yokogawa India Limited,10000000.0,2017-10-04 18:00:00,2018-05-25 00:00:00,
84,Director-Indian Institute of Technology(IIT Delhi)||Dy.Registrar(Stores) Central Store Purchase Section-IIT Delhi,"Supplying of High Resolution fiber optic spectrometer, Tungsten halogen light source and suitable software.",Goods,6.0,Research India,170000.0,2017-10-03 16:00:00,2018-04-18 00:00:00,
85,BHEL BHOPAL,"1)POWER ELECTRONIC CONVERTER SIMULATION, THERMAL & STABILITY ANALYSIS AND AUTO CODE GENERATION SOFTWARE AS PER SPEC CEE/16002 REV02 Qty: 1 ST",,,TRIDENT TECHLABS PVT. LTD.,,2017-09-29 17:00:00,2017-11-28 17:00:00,
86,NTPC Ltd.,Procurement of AutoCAD Software at NTPC,Limited,3.0,Comptek International,121900.0,2017-09-29 01:01:00,2018-03-09 01:01:00,
87,NTPC Ltd.,Procurement of AutoCAD Civil 3D Software,Limited,3.0,CAPRICOT TECHNOLOGIES PVT LTD,99140.0,2017-09-29 01:01:00,2018-03-09 01:01:00,
88,Nuclear Power Corporation of India Limited,"Supply of PC controlled Touch Screen based Gas Chromatograph system for analysis of Deuterium (D), Oxygen (O) and Nitrogen (N) in helium Cover Gas in the range of 0.01% to 10% using Helium as carrier gas utilizing TCD Detector and having PID temperature control for all zones with automatic sampling valves compatible to main instrument along with Single channel software for the analysis / operation of the instrument to get the results output and chromatograph as per the attached specification in annexure-I.",,2.0,chromatography & Instruments Co,4026000.0,2017-09-27 16:00:00,2018-03-13 08:00:00,2018-07-20 08:00:00
89,BHEL EDN,NETWORK ANALYZER SOFTWARE FOR NHPC,,1.0,ORANGE BUSINESS SERVICES SINGAPORE,0.0,2017-09-26 09:00:00,2017-09-26 09:00:00,2017-09-26 09:00:00
90,BHEL EDN,NETWORK ANALYZER SOFTWARE FOR NHPC,,1.0,ORANGE BUSINESS SERVICES SINGAPORE,0.0,2017-09-26 09:00:00,2017-09-26 09:00:00,2017-09-26 09:00:00
91,BHEL EDN,NETWORK ANALYZER SOFTWARE FOR NHPC,,1.0,ORANGE BUSINESS SERVICES SINGAPORE,0.0,2017-09-26 09:00:00,2017-09-26 09:00:00,2017-09-26 09:00:00
92,BHEL EDN,NETWORK ANALYZER SOFTWARE FOR NHPC,,1.0,ORANGE BUSINESS SERVICES SINGAPORE,0.0,2017-09-26 09:00:00,2017-09-26 09:00:00,2017-09-26 09:00:00
93,National Institute of Technology Goa,Visual TCAD Software,Goods,1.0,Cadre Design Systems,2082700.0,2017-09-25 16:00:00,2017-10-11 00:00:00,
94,IHQ of MoD (Army)-(OSCC)||ARTRAC-IHQ of MoD (Army)-(OSCC)||AADC-IHQ of MoD (Army)-(OSCC),"PROCUREMENT OF COTS SOFTWARE AT, ARMY AD COLLEGE, GOPALPUR OUT OF IT GRANT FOR THE FINANCIAL YEAR 2017-18",Goods,2.0,swadesi enterprises,1355260.0,2017-09-23 16:30:00,2017-12-06 00:00:00,
95,Nuclear Power Corporation of India Limited,WINDOWS 2010 SOFTWARE,,1.0,IDS e Solutions Private limited,10276.0,2017-09-21 16:00:00,2017-11-01 08:00:00,2017-11-30 08:00:00
96,NTPC Ltd.,Supply of Adobe Acrobat Software,Limited,3.0,KIOSK TECHNOLOGIES PVT LTD,363832.0,2017-09-19 01:01:00,2017-11-06 01:01:00,
97,Development Commissioner(MSME)||Central Tool Room-Ludhiana - MSME||Purchase Department-CTRL - MSME,Tender for Upgradation of Mastercam Software,Goods,1.0,Onward Technologies Limited,260000.0,2017-09-18 16:00:00,2018-01-24 00:00:00,
98,Development Commissioner(MSME)||Central Tool Room-Ludhiana - MSME||Purchase Department-CTRL - MSME,"Tender for WorkNC, 5-Axis CAM Software",Goods,1.0,3D Works Design Solutions,3300000.0,2017-09-18 15:30:00,2018-07-19 00:00:00,
99,Director-Indian Institute of Technology(IIT Delhi)||Dy.Registrar(Stores) Central Store Purchase Section-IIT Delhi,Software for CT data conversion to CAD and FEA model,Goods,2.0,Synopsys International Limited,9000.0,2017-09-18 12:00:00,2018-04-18 00:00:00,
100,Defence Research and Development Organisation||Directorate of Material Management - DRDO||Office of DG(MSS) - DRDO||TBRL - DRDO,ANSYS Software,Goods,1.0,Ansys Software Private Limited,4224988.0,2017-09-16 09:00:00,2018-07-24 00:00:00,
101,BHEL EDN,NETWORK ANALYZER SOFTWARE FOR NHPC,,1.0,ORANGE BUSINESS SERVICES SINGAPORE,0.0,2017-09-14 09:00:00,2017-09-14 09:00:00,2017-09-14 09:00:00
102,E-IN-C BRANCH - MILITARY ENGINEER SERVICES||CE NC AND CE LEH ZONE - MES,Structural Engineering Software,Services,3.0,"Innovative Systel,Prabha Consulting Engineers,C-SOFT",125080.0,2017-09-13 18:00:00,2018-02-22 00:00:00,
103,Bharat Petroleum Corporation Limited,Subscription of Cost Estimating Software for OALP and other upstream oil and gas projects,Open,1.0,"IHS Global Pte Ltd,",84600.0,2017-09-13 11:34:00,2017-10-27 07:30:00,2018-10-26 07:30:00
104,Defence Research and Development Organisation||Directorate of Material Management - DRDO||Office of DG(Aero) - DRDO||GTRE - DRDO,Notice inviting tender for upgradation of ABAQUS software,Services,1.0,DASSAULT SYSTEMES INDIA PVT LTD,7533750.0,2017-09-12 18:00:00,2018-02-24 00:00:00,
105,IHQ of MoD (Army)-(OSCC)||MGO BR-IHQ of MoD (Army)-(OSCC)||ARMY BASE WORKSHOPS-MGO BR-IHQ of MoD(Army)-(OSCC)||515 ABW-IHQ of MoD (Army),PROCUREMENT OF COTS SOFTWARE GEOMAGIC FOR 3D WHITE LIGHT SCANNER,Goods,4.0,CREATIVE INFOCOM PVT LTD,1699200.0,2017-09-12 17:00:00,2018-03-27 00:00:00,
106,Eastern Coalfields Limited||ECL_SP Mines area,Supply and installation of new computer systems with printers and addition of new WAN based weighing software for connectivity to all Road weigh bridges with Area ORHq server and data transfer to be captured in our existing coal net system,Works,2.0,Tritronics Engineers and Consultants,525100.0,2017-09-12 16:30:00,2017-12-27 00:00:00,
107,IHQ of MoD (Army)-(OSCC)||Southern Comd-IHQ of MoD (Army)-(OSCC)||ENGR BR-Southern Comd-IHQ of MoD (Army)-(OSCC),Procurement/Renewal of Auto Cad Software,Goods,4.0,CADD CENTRE TRAINING SERVICES PVT LTD,68393.0,2017-09-12 14:00:00,2017-10-27 00:00:00,
108,IndianOil||Marketing||Madhya Pradesh State Office||LPG BP Ujjain,"Supply, Installation and Commissioning of Tank Farm Management System (TFMS) for Transferring of Enraff Make Radar and Servo Gauges readings fitted on LPG Mound Bullets to the existing SAP AVEI software at LPG Bottling Plant, Ujjain",Works,2.0,Honeywell Automation India Limited,2887095.0,2017-09-11 15:00:00,2018-06-29 00:00:00,
109,Development Commissioner(MSME)||HQ DC-MSME(Delhi)||SENET - DC-MSME,Upgradation of SolidWorks Software 2014 and 2015 to SolidWorks 2017 License.,Goods,1.0,EMBESYS TECHNOLOGIES,639744.0,2017-09-08 17:00:00,2017-11-08 00:00:00,
110,Nuclear Power Corporation of India Limited,"Keyguard management system having capacity of 240 to 250 keys,with application software, modular design, high speed 3GHz CPU with 19 LCD screen minimum 500GB storage, LAN connectivity, QUARTY keyboard and mouse, Installation, commissioning & training, warrenty for one year.",,2.0,senergy intellution pvt ltd,1161828.0,2017-09-08 15:00:00,2018-01-05 08:00:00,2018-04-05 08:00:00
111,Airports Authority of India||Western Region - AAI||BHOPAL - AAI||CNS-VABP - AAI,"Comprehensive Annual Maintenance Contract of Computer Hardware/ Software, Accessories and Networking (LAN/WAN) at R. B. Airport, Bhopal (M.P.)",Services,5.0,KOMMINENI INFOTECH PVT LTD,977984.0,2017-09-08 14:00:00,2017-11-01 00:00:00,
112,NTPC Ltd.,Supply of Misc Softwares,Limited,2.0,SPECTRUM INFO SOLUTIONS PVT LTD,38177.0,2017-09-08 01:01:00,2018-05-08 01:01:00,
113,NTPC Ltd.,User license for WAsP 11 software,,0.0,DTU WIND ENERGY,3900.0,2017-09-08 01:01:00,2017-09-08 01:01:00,2017-11-22 01:01:00
114,NTPC Ltd.,Supply of Misc Softwares,Limited,2.0,DOCKET CARE SYSTEMS,247200.0,2017-09-08 01:01:00,2018-04-19 01:01:00,
115,Delhi University||Department of Physics - DU,Supply and installation of software up-gradation for Rigaku single crystal diffractometer (SCXRD) with computer,Goods,1.0,I R TECHNOLOGY SERVICES PVT LTD.,970000.0,2017-09-07 15:00:00,2017-11-02 00:00:00,
116,E-IN-C BRANCH - MILITARY ENGINEER SERVICES||CE CC AND CE BAREILLY ZONE - MES,UPGRADATION OF SOFTWARE STAAD PRO V8I AND STAAD FOUNDATION ADVANCED (LATEST VERSION) WITH TWO YEARS SELECT/SUBSCRIPTION,Services,3.0,ADVANCED EDUCARE TRAINING PRIVATE LIMITED,297500.0,2017-09-07 12:00:00,2017-10-28 00:00:00,
117,Airports Authority of India||Northern Region - AAI||DEHRADUN - AAI||CNS-DEHRADUN - AAI,Comprehensive Annual Maintenance Contract Of Computers Hardware/Software and Peripherals Including Networking at Dehradun Airport,Services,6.0,"Bharat IT Services Ltd,JAYASAN INFOWARE PRIVATE LIMITED,TRENDSETTERS HITECH PRIVATE LIMITED,SAI COMMUNICATION,Globe Computers and Solutions",411740.0,2017-09-06 18:55:00,2017-12-01 00:00:00,
118,BHEl TRICHY,USB-S Net Interface Unit with Software,,1.0,GOODBURN ENGINEERING LIMITED,0.0,2017-09-06 14:00:00,2018-01-25 14:00:00,
119,"Rashtriya Chemicals and Fertilizers Ltd.||IT,RCFLTD,MCF",SUPPLY OF ENVIDAS ULTIMATE SOFTWARE,Goods,1.0,Thermo Fisher Scientific India Private Ltd.,271318.88,2017-09-06 13:00:00,2018-01-15 00:00:00,
120,E-IN-C BRANCH - MILITARY ENGINEER SERVICES||CE WC and CE DELHI ZONE-MES,Job Order for up gradation Structural Software Design ETABS NL V-2016,Works,3.0,CSI ENGINEERING SOFTWARE PVT. LTD,151866.0,2017-09-06 11:00:00,2017-10-20 00:00:00,
121,Indian Institute of Engineering Science and Technology - Shibpur,"Supply of the TCAD Software, Work station, Solar Thermal Profiler with wafers Carrier, Ultrasonicator with auto filtration system",Goods,5.0,EIGEN TECHNOLOGIES PVT LTD,826000.0,2017-09-04 15:00:00,2018-03-22 00:00:00,
122,Nuclear Power Corporation of India Limited,"Supply, Inspection, Delivery, Installation, Commissioning, Training, Trial Run, Handing over and Three years Onsite Comprehensive Warranty for Perimeter Security Appliance along with all the accessories and Software along with all the features with three years Support / Subscription.",,3.0,Micropoint Computers Pvt. Limited,6608000.0,2017-09-01 13:05:00,2017-11-06 08:00:00,2018-03-06 08:00:00
123,Indian Statistical Institute - Kolkata||North-East Centre-Tezpur - ISICAL,Supply of OriginPro v2017 software,Goods,1.0,Konark Solutions Bangalore Pvt Ltd,43660.0,2017-08-31 17:00:00,2017-11-14 00:00:00,
124,Indian Statistical Institute - Kolkata||North-East Centre-Tezpur - ISICAL,Supply of EViews 10 Software,Goods,1.0,DELPHI SOLUTIONS,246620.0,2017-08-31 17:00:00,2017-11-14 00:00:00,
125,Department of Electronics and Information Technology(DeitY)||Centre for Development of Advanced Computing - DeitY||Benguluru - C-DAC - DeitY,HARDWARE AND SOFTWARE SUPPORT FOR EMC VNX 5300 STORAGE FOR ONE YEAR,Goods,2.0,VDA INFOSOLUTIONS PVT.LTD,516840.0,2017-08-30 18:00:00,2017-10-17 00:00:00,
126,Defence Research and Development Organisation||Directorate of Material Management - DRDO||Office of DG(LS) - DRDO||DEBEL - DRDO,PROTEUS SIMULATION SOFTWARE,Goods,1.0,CYBERMOTION TECHNOLOGIES PVT LTD,477900.0,2017-08-30 11:30:00,2017-11-28 00:00:00,
127,"Department of Electronics and Information Technology(DeitY)||National Institute of Electronics and Information Technology, NIELIT,DeitY||NIEIT Gorakhpur Centre - DeitY",Supply of MATLAB Software,Goods,1.0,DesignTech Systems Ltd,731874.0,2017-08-29 09:00:00,2018-03-07 00:00:00,
128,"Department of Posts||Haryana Circle,Dept. of Posts||CPMG,Haryana Circle,POST||DAP,Ambala,POST",Clearing House Interface(CHI) Software for CTS cheque clearance for various Head Post offices in Haryana Circle,Services,3.0,OriginACDIT solutions,384000.0,2017-08-28 18:00:00,2017-11-01 00:00:00,
129,Nuclear Power Corporation of India Limited,OMR SOFTWARE,,1.0,Admen Multi-Studios,41300.0,2017-08-26 00:00:00,2017-10-04 08:00:00,2017-11-03 08:00:00
130,Mahanadi Coalfields Limited||HQ MM||MM,Procurement of Non Motorized Electronic reflector less total station with survey and mapping software. Qty 08 Set,Goods,1.0,Meatech Solutions LLP,18077600.0,2017-08-25 18:55:00,2018-03-05 00:00:00,
131,Director-Indian Institute of Technology(IIT Delhi)||Dy.Registrar(Stores) Central Store Purchase Section-IIT Delhi,"ZEMAX Software (Standard Edition) Latest Software, Quantity required- 1(one)",Goods,5.0,NEW AGE INSTRUMENTS AND MATERIALS PRIVATE LIMITED,5782.0,2017-08-25 16:00:00,2018-05-07 00:00:00,
132,AOD Digboi||Materials,PROCUREMENT OF SOFTWARE LICENSE FOR STATUTORY COMPLIANCE AS PER TENDER SPECIFICATION,Goods,3.0,"Digital Technology Services,TRADE AND TECHNOLOGY PVT LTD",442398.0,2017-08-25 13:00:00,2018-05-10 00:00:00,
133,Defence Research and Development Organisation||Directorate of Material Management - DRDO||Office of DG(Aero) - DRDO||GTRE - DRDO,AMC of flowmaster software gas turbine blade cooling,Services,1.0,Aetos Design & Engineering Pvt ltd,486750.0,2017-08-24 18:00:00,2018-02-05 00:00:00,
134,IHQ of MoD (Army)-(OSCC)||OTHERS-IHQ of MoD (Army)-(OSCC)||UNITS-OTHERS-IHQ of MoD (Army)-(OSCC)||UNIT 3-UNITS-OTHERS-IHQ of MoD,PROCUREMENT OF COTS SOFTWARE,Goods,3.0,"GURUSONS COMMUNICATIONS P LTD,Subha Technical Services Pvt Ltd,Accenture Trading Corporation",565810.0,2017-08-24 16:00:00,2018-05-18 00:00:00,
135,IndianOil||Marketing||Southern Region and Tamilnadu State Office||LPG,Installation of Software license for 1st carousel Data monitoring system at Erode BP,Works,1.0,Kosan Crisplant India Private Limited,307272.0,2017-08-24 09:00:00,2018-08-31 00:00:00,
136,E-IN-C BRANCH - MILITARY ENGINEER SERVICES||CE WC and CE DELHI ZONE-MES,Structural Software Design RCDCV3,Works,3.0,S-Cube Futuretech Pvt Ltd,289100.0,2017-08-23 13:30:00,2017-10-03 00:00:00,
137,Defence Research and Development Organisation||Directorate of Material Management - DRDO||Office of DG(ECS) - DRDO||LASTEC - DRDO,FPGA PROGRAMMING SOFTWARE-01 SET,Goods,4.0,Femto Logic Design Private Limited,419475.0,2017-08-23 12:00:00,2018-03-21 00:00:00,
138,National Council of Science Museums||BITM-Kolkata - NCSM,"Supply and Installation of Monocular microscope with imaging system, Trinocular microscope with imaging system, Trinocular stereo zoom microscope with imagimg system and Measurement software (Labomed digital software)",Goods,6.0,Radical Scientific Equipments Pvt. Ltd.,288179.0,2017-08-21 16:00:00,2018-03-27 00:00:00,
139,Nuclear Power Corporation of India Limited,"Supply, Installation, Commissioning, Acceptance Test and Training of ANSYS-Mechanical Enterprise Software Licenses alongwith AMC of a period of Three (3) Years at NPCIL, HQ as per specification given in Annexure-I attached under Section C of tender document.",,3.0,3D Engineering Automation LLP,11709342.0,2017-08-21 14:00:00,2017-12-15 08:00:00,2018-02-14 08:00:00
140,BHEL Hyderabad,3500 SYS SOFTWARE,,1.0,"BENTLY NEVADA, LLC",0.0,2017-08-19 09:00:00,2017-10-17 09:00:00,2018-01-10 09:00:00
141,Jawaharlal Nehru University||SES - JNU,Software for Design and Development of TEK Portal with Data Gathering Facility and Service support for three years,Works,5.0,Creanovation Labs Private Limited,332760.0,2017-08-17 15:15:00,2017-10-18 00:00:00,
142,Business Development||E and P,"ANNUAL MAINTENANCE CONTRACT (AMC) SERVICES FOR PETREL, TECHLOG, OIL FIELD MANAGER (OFM), PETREL RE AND ECLIPSE SOFTWARE",Works,1.0,Schlumberger Solutions Private Limited,15500000.0,2017-08-17 15:00:00,2018-02-27 00:00:00,
143,Jawaharlal Nehru University||SES - JNU,Supply of TREE RING MEASURING STATION and TSAP SOFTWARE,Goods,1.0,ELIXIR TECHNOLOGIES,1038800.0,2017-08-17 15:00:00,2017-10-17 00:00:00,
144,IndianOil||Pipelines||Pipelines HO||Contracts,Implementation of Software based Centralized Pipeline Integrity Management System(CIMS) for managing integrity of pipelines,Works,4.0,Associated Technology Pipeline Ltd,133142338.1,2017-08-17 10:35:00,2018-07-14 00:00:00,
145,NTPC Ltd.,Procurement of STAAD PRO V8i software fo,,0.0,BENTLEY SYSTEMS INDIA PVT LTD,160137.0,2017-08-17 01:01:00,2017-08-17 01:01:00,
146,Eastern Coalfields Limited||ECL_Kenda area,"Procurement, installation and commissioning of Computer Systems (Including Printers) and Suitable WAN Based Weighment Software for existing Road Weigh Bridges (4 Nos.) of Kenda Area for the purpose of Inward and outward transactions pertaining toGST",Works,2.0,Tritronics Engineers and Consultants,446040.0,2017-08-14 18:00:00,2017-12-29 00:00:00,
147,Defence Research and Development Organisation||Directorate of Material Management - DRDO||Office of DG(LS) - DRDO||DIPAS - DRDO,HPTLC CONSUMABLES AND SOFTWARE UPGRADATION AS PER RFP,Goods,1.0,Anchrom Enterprises I Pvt. Ltd.,720650.0,2017-08-14 17:00:00,2017-12-14 00:00:00,
148,IHQ of MoD (Army)-(OSCC)||DCOAS (P and S)-IHQ of MoD (Army)-(OSCC)||DG MF-IHQ of MoD (Army)-(OSCC),Procurement of Software Application for monitoring planning and implementation of capital and revenue projects along with a compendium of Mechanised Forces equipment available in the world market in sharable and searchable mode in Local Area Network,Goods,4.0,"Altruist Technologies Pvt. Ltd.,Real PC.Com Pvt Ltd,icon power solutions pvt ltd,Saar Technologies",2444960.0,2017-08-14 15:30:00,2018-04-05 00:00:00,
149,Department of Electronics and Information Technology(DeitY)||Standardisation Testing and Quality Cerification- STQC Directorate||ETDC (Hyderabad)-STQC,4 Channel Controller for Vibration System with sine and random control software compatible LDS make system,Goods,3.0,"Sumargsai Technologies Pvt Ltd,Pacific Dynamics.com,ZETATEK INDUSTRIES LTD",684400.0,2017-08-14 09:00:00,2018-03-01 00:00:00,
150,E-IN-C BRANCH - MILITARY ENGINEER SERVICES||CE WC AND CE JALANDHAR ZONE - MES,Renewal of Software,Works,4.0,Innovative Systel,132632.0,2017-08-12 14:35:00,2017-09-26 00:00:00,
151,BHEL EDN,VIBRATION AND ANALYSIS SOFTWARE,,1.0,FORBES MARSHALL PVT. LTD.,0.0,2017-08-12 09:00:00,2017-08-12 09:00:00,2017-08-12 09:00:00
152,National Council of Science Museums||BITM-Kolkata - NCSM,"supply, setup cameras, installation, implementation, commissioning, training, maintenance set up of necessary hardware, software, materials, services, support, wired networking etc, of IP based Video Surveillance System",Goods,2.0,COGNITIVE TECHNOLOGIES,2399943.0,2017-08-11 15:30:00,2018-03-27 00:00:00,
153,Airports Authority of India||Western Region - AAI||NAGPUR - AAI||CNS-VANP - AAI,CAMC For computer hardware and software at gondia,Services,3.0,"KOMMINENI INFOTECH PVT LTD,The Net TEchnology,BHARAT IT SERVICES LIMITED",187500.0,2017-08-10 17:00:00,2017-10-10 00:00:00,
154,Mangalore Refinery and Petrochemicals Limited,"SUPPLY,INSTALLATION <(>&<)> TRAINING ON INSTRUMENT SIZING SOFTWARE",Open,1.0,CADTECH CONSULTANTS (P) LIMITED,1650000.0,2017-08-10 00:00:00,2017-10-20 00:00:00,
155,Director-Indian Institute of Technology(IIT Delhi)||Dy.Registrar(Stores) Central Store Purchase Section-IIT Delhi,"Purchase of IPC, Servo Motors with Drive and Software License for CNC Development.",Goods,3.0,Beckhoff Automation Pvt Ltd,141369.0,2017-08-09 12:00:00,2018-04-17 00:00:00,
156,NTPC Ltd.,Supply of PI Server-2012 software,,0.0,"OSISOFT , LLC",157935.6,2017-08-09 01:01:00,2017-08-09 01:01:00,
157,IIPM||Indenter,"Up gradation of software LIBSYS 4 to LIBSYS 4X LMS at Library IiPM, Gurugram",Goods,1.0,LIBSYS LTD,344265.0,2017-08-07 15:00:00,2017-10-16 00:00:00,
158,NTPC Ltd.,Software amp;lt;(amp;gt;andamp;lt;)amp;gt; Workstations for U-7 Of,,1.0,CSS AUTOMATION PVT LTD,1970300.0,2017-08-07 01:01:00,2017-12-12 01:01:00,
159,Defence Research and Development Organisation||Directorate of Material Management - DRDO||Office of DG(Aero) - DRDO||GTRE - DRDO,Tender invitation for development of software for Data acquisition and monitoring system,Services,3.0,Captronic Systems Pvt Ltd,991200.0,2017-08-02 18:20:00,2018-02-10 00:00:00,
160,NTPC Ltd.,Procurement of JAW Software for NTPC Sol,,0.0,KARISHMA ENTERPRISES,77860.0,2017-08-01 01:01:00,2017-08-01 01:01:00,
161,Refineries HQ||Contracts,Annual Maintenance Contract AMC for AUTO Pipe Vessel equipment design software for pressure vessel and heat exchanger at Refinery Head Quarter of Indian Oil Corporation Limited,Works,1.0,CADtech Consultants Private Limited,902475.0,2017-07-27 11:00:00,2017-09-13 00:00:00,
162,Defence Research and Development Organisation||Directorate of Material Management - DRDO||CC R and D(HR) - DRDO||CEPTAM - DRDO,Outsource the Development of Software for NIC Server Compatible Environment,Services,3.0,PEARL ASSOCIATES COMPUTECH PRIVATE LIMITED,432470.0,2017-07-26 12:30:00,2017-09-13 00:00:00,
163,IHQ of MoD (Army)||MG And G AREA||OTHER UNITS,"Procurement of IT Software at ALC, Pune details as in RFP",Goods,1.0,Aquila Technologies,36816.0,2017-07-25 11:00:00,2017-10-12 00:00:00,
164,Gujarat State Office||GRI Koyali Ref Terminal,Removal of Weigh Bridge logic from Terminal Automation Software at Bitumen Depot GRI,Works,1.0,Advanced Sys-tek Pvt. Ltd.,315000.0,2017-07-24 10:30:00,2017-12-18 00:00:00,
165,Uttar Pradesh State Office-2||BP - Haldwani,integration of Rochester level gauge reading to SAP with provision of Software and work station for storage and viewing history of gauge readings and bullet quantities (3x100MT),Works,2.0,Kapoor Engineer and consultant,1457020.87,2017-07-22 15:00:00,2017-12-27 00:00:00,
166,Eastern Coalfields Limited||ECL_Rajmahal area,Supply and installation of universal type software with computer for connectivity and data transfer from Rail weigh bridge to a server of eastern coalfields limited,Works,1.0,Tritronics Engineers and Consultants,221840.0,2017-07-21 18:00:00,2018-02-14 00:00:00,
167,Defence Research and Development Organisation||Directorate of Material Management - DRDO||Office of DG(Aero) - DRDO||GTRE - DRDO,Oracle Software Upgradation,Goods,2.0,CEZEN TECHNOLOGIES PVT LTD,875611.0,2017-07-21 17:00:00,2017-12-06 00:00:00,
168,NTPC Ltd.,Procurement of JAWS Software,,0.0,KARISHMA ENTERPRISES,77860.0,2017-07-21 01:01:00,2017-08-31 01:01:00,
169,Development Commissioner(MSME)||HQ DC-MSME(Delhi)||SENET - DC-MSME,Master CAM Software,Goods,2.0,SIM Technologies Private Limited,525000.0,2017-07-20 18:45:00,2017-09-07 00:00:00,
170,BHEL BHOPAL,"1)DISTURBANCE RECORDER TR116+-P1-F1-R1-T3-C1-C3B-F50-Q0-ED0-MS1 ALONG WITH SOFTWARE CD AS PER IT-01,ANN-1 Qty: 1 NO",,,AMETEK POWER INSTRUMENTS,,2017-07-19 17:00:00,2017-11-21 17:00:00,
171,"Department of Health, North East Section,MHFW||NEIGRIHMS, Shillong,MHFW,NES||Store and Procurement Section,HQ NEIGRIHMS,MHFW",Processing of Library Automation Software with RFID based,Goods,3.0,Intown Solutions,2578191.0,2017-07-18 17:40:00,2018-05-30 00:00:00,
172,E-IN-C BRANCH - MILITARY ENGINEER SERVICES||CE NC AND CE LEH ZONE - MES,Installation of Auto Card latest version software 2017,Services,4.0,"SUKRALA COMPUTER SERVICES,SINGH ENTERPRISES,M/S HARMEET ENTERPRISES,M/S MEHRAK TRADERS",898452.0,2017-07-15 13:00:00,2018-02-15 00:00:00,
173,Defence Research and Development Organisation||Directorate of Material Management - DRDO||Office of DG(Aero) - DRDO||GTRE - DRDO,Up-gradation of scanning electron microscope software and operating system,Goods,1.0,Carl Zeiss India (Bangalore) Pvt. Ltd.,812699.16,2017-07-14 18:00:00,2017-12-20 00:00:00,
174,Department of Electronics and Information Technology(DeitY)||Software Technology Parks of India||Hyderabad,Renewal of Service subscritpion agreement for WhatsUP gold software,Services,1.0,Alliance Pro IT Private Limited3.,141600.0,2017-07-14 16:00:00,2017-08-09 00:00:00,
175,Defence Research and Development Organisation||Directorate of Material Management - DRDO||Office of DG(Aero) - DRDO||GTRE - DRDO,Procurement of hard drives for plasma coating facility with preloaded software,Goods,1.0,Ador Fontech Limited,236614.0,2017-07-13 17:00:00,2017-10-09 00:00:00,
176,Airports Authority of India||Western Region - AAI||NAGPUR - AAI||CNS-VANP - AAI,CAMC of Computer hardware and software at Nagpur airport,Services,3.0,"KOMMINENI INFOTECH PVT LTD,Logic E Engineer Private Limited,BHARAT IT SERVICES LIMITED",264639.48,2017-07-13 17:00:00,2017-08-02 00:00:00,
177,Business Development||E and P,ANNUAL MAINTENANCE CONTRACT (AMC) SERVICES FOR AVO AND INVERSION SOFTWARE,Works,1.0,CGG Services India Pvt Ltd,11880.0,2017-07-13 14:45:00,2018-02-27 00:00:00,
178,Development Commissioner(MSME)||HQ DC-MSME(Delhi)||SENET - DC-MSME,ENQUIRY LETTER FOR SUPPLY OF SIEMENS SOFTWARE FOR PLC AND HMI,Goods,3.0,Fox Solutions,1613250.0,2017-07-11 09:00:00,2017-08-21 00:00:00,
179,Development Commissioner(MSME)||HQ DC-MSME(Delhi)||SENET - DC-MSME,ENQUIRY LETTER FOR SUPPLY OF INTEGRATED EMBEDDED ROBOTICS AND SENSOR DEVELOPMENT LAB HARDWARE AND SOFTWARE,Goods,4.0,Applied Digital Microsystems Pvt. Ltd.,3938700.0,2017-07-11 09:00:00,2017-08-21 00:00:00,
180,Development Commissioner(MSME)||HQ DC-MSME(Delhi)||SENET - DC-MSME,ENQUIRY LETTER FOR SUPPLY OF MOBILE ROBOT TRAINING SYSTEM AND MOBILE ROBOT SIMULATION SOFTWARE,Goods,1.0,FESTO INDIA PRIVATE LIMITED,2337319.0,2017-07-11 09:00:00,2017-08-23 00:00:00,
181,Development Commissioner(MSME)||HQ DC-MSME(Delhi)||SENET - DC-MSME,Staad Pro Software,Goods,1.0,ADVANCED EDUCARE TRAINING PRIVATE LIMITED,700000.0,2017-07-10 18:00:00,2017-08-12 00:00:00,
182,Development Commissioner(MSME)||HQ DC-MSME(Delhi)||SENET - DC-MSME,CATIA Software,Goods,1.0,Altem Technologies Pvt. Ltd.,742430.0,2017-07-10 17:00:00,2017-09-07 00:00:00,
183,Defence Research and Development Organisation||Directorate of Civil Works and Estates - DRDO||Chief Construction Engineer (R and D) South - DRDO,"Provision of Vertical Blinds for Software Ground Testing and Antenna Equipment Rooms at RCI, Hyderabad",Works,5.0,WOODLINKS,553000.0,2017-06-23 11:00:00,2017-08-09 00:00:00,
184,Indian Institute of Engineering Science and Technology - Shibpur,Supply and Installation of One Set which Consists of HDL Simulator for design with verification and test bundle software and VLSI Trainer Board and High performance Computing System.,Goods,3.0,Trident Techlabs pvt. Ltd.,446014.0,2017-06-21 13:00:00,2017-09-14 00:00:00,
185,Department of Electronics and Information Technology(DeitY)||Centre for Development of Advanced Computing - DeitY||Delhi - C-DAC - DeitY,"Supply, Installation, Commissioning and Onsite support of IT Hardware and Software for Setting up of Centre of Excellence in IT in Guyana",Goods,3.0,e Speed Solutions Pvt. Ltd.,11685300.0,2017-06-21 10:00:00,2017-10-26 00:00:00,
186,Refineries HQ||Materials,"Supply, Installation and Commissioning of High End Conference Camera, Wireless Presentation System, Voice Tracking Video Conferencing Camera and VC Software Licenses at RHQ and Corporate Office, New Delhi",Goods,3.0,Progility Technologies Private Limited,1836008.0,2017-06-21 10:00:00,2017-09-01 00:00:00,
187,Defence Research and Development Organisation||Directorate of Material Management - DRDO||Office of DG(Aero) - DRDO||GTRE - DRDO,Work package for Development of Embedded Software,Services,6.0,SLN Technologies Pvt. Ltd.,5503520.0,2017-06-16 17:00:00,2018-03-13 00:00:00,
188,Nuclear Power Corporation of India Limited,Spare Genesis32 SCADA software with hardware key,,1.0,Advance Tech control Pvt. Ltd,1097400.0,2017-06-16 13:00:00,2018-03-23 08:00:00,2018-06-01 08:00:00
189,BHEL EDN,Original Software CD`s,,1.0,PROGILITY TECHNOLOGIES PRIVATE LIMI,0.0,2017-06-14 09:00:00,2017-06-14 09:00:00,2017-06-14 09:00:00
190,Defence Research and Development Organisation||Directorate of Material Management - DRDO||Office of DG(ECS) - DRDO||LRDE - DRDO,Software for Radar Electrical Interface Cable Assembly and wire Harness Design and Documentation,Goods,2.0,Zuken India Pvt Ltd,3924208.0,2017-06-09 18:00:00,2018-06-04 00:00:00,
191,Sikkim University,Supply and installation of various softwares for Computer Laboratory of Sikkim University,Goods,1.0,Trinetrix Technologies Private Limited,289448.8,2017-06-09 14:45:00,2018-07-05 00:00:00,
192,Department of Electronics and Information Technology(DeitY)||Centre for Development of Advanced Computing - DeitY||Pune - C-DAC - DeitY,Microsoft Softwares,Goods,8.0,Sonata Information Technology Ltd,1367018.0,2017-06-09 12:25:00,2017-10-13 00:00:00,
193,Nuclear Power Corporation of India Limited,Supply and installation of All-In-One(AIO) PC with preloaded Operating System & MS Office Software. (Specifications as per Annexures).,,4.0,M/s Corporate Infotech Pvt. Ltd.,12135957.0,2017-06-09 12:00:00,2018-01-16 08:00:00,2018-03-02 08:00:00
194,THDC India Limited||Corporate Office-Rishikesh-THDC India Ltd||Services(Store/Procurement)-THDC India Ltd,"Design, Development Implementation Testing of Web Based Software of Customer Feedback Module at THDC India Limited Complex-Rishikesh",Services,12.0,"M/S SOFTLINE NETWORK,Solarman Engineering Project Pvt. Ltd,Meetri InfoTech Pvt Ltd,NEEMUS SOFTWARE SOLUTIONS PRIVATE LIMITED,Outline Systems India Pvt. Ltd.,ALPHA PACIFIC SYSTEMS PVT. LTD.,Sixth Sense Marketing Private Limited,Logic Heart Pvt Ltd,Soluzione IT Services Pvt. Ltd.,Corelynx Solutions Pvt Ltd,C.E.R.T Technology,Sudofire Technologies LLP",297692.0,2017-06-09 10:00:00,2018-06-05 00:00:00,
195,BHEL EDN,HMI SOFTWARE FOR PV SCADA - 6000 tags,,1.0,SYNERGY SYSTEMS & SOLUTIONS,0.0,2017-06-09 09:00:00,2017-06-09 09:00:00,2017-06-09 09:00:00
196,BHEL EDN,HMI SOFTWARE FOR PV SCADA - 6000 tags,,1.0,SYNERGY SYSTEMS & SOLUTIONS,0.0,2017-06-09 09:00:00,2017-06-09 09:00:00,2017-06-09 09:00:00
197,Khadi and Village Industries Commission||HQ-Mumbai - KVIC,Supply Installation and Maintenance of Hardware Items and Training and Implementation of Web based MIS software at Khadi Institutions under KVIC,Services,3.0,Agmatel India Pvt.Ltd,114856691.0,2017-06-07 18:25:00,2018-01-19 00:00:00,
198,Haldia Refinery||Materials,Supply of mechanical design software for heat exchangers and pressure vessel and Training.,Goods,2.0,CADtech Consultants Private Limited,1315000.0,2017-06-07 17:30:00,2017-12-19 00:00:00,
199,IHQ of MoD (Army)-(OSCC)||Northern Comd-IHQ of MoD (Army)-(OSCC)||MED BR-IHQ of MoD (Army)-(OSCC)||HOSP 1-IHQ of MoD (Army),supply of orthodontic software,Goods,2.0,SANSIN IMPEX PVT LTD,249900.0,2017-06-06 14:00:00,2017-07-05 00:00:00,
200,National Council of Science Museums||National Science Centre-New Delhi - NCSM,"Supply of Software at National Science Centre, Delhi",Goods,5.0,"KanakDhara Software Developers,System Solutions",447699.0,2017-06-06 13:00:00,2017-07-06 00:00:00,
201,Defence Research and Development Organisation||Directorate of Material Management - DRDO||Office of DG(LS) - DRDO||DEBEL - DRDO,Development of Office Automation Software,Goods,5.0,Prachi Computers and Communications Centre,944000.0,2017-06-05 17:00:00,2017-10-31 00:00:00,
202,Defence Research and Development Organisation||Directorate of Material Management - DRDO||Office of DG(ACE) - DRDO||CVRDE - DRDO,COMPREHENSIVE MAINTENANCE CONTRACT FOR LDRA TESTING SOFTWARE,Services,1.0,LDRA Technology Pvt. Ltd.,1634300.0,2017-06-05 17:00:00,2017-11-21 00:00:00,
203,Department of Electronics and Information Technology(DeitY)||Centre for Development of Advanced Computing - DeitY||Pune - C-DAC - DeitY,PCB Designing software tools AMC renewal as per enquiry,Services,1.0,Cadence Design Systems (Ireland) Limited,3878569.0,2017-06-05 16:45:00,2017-09-27 00:00:00,
204,Nuclear Power Corporation of India Limited,"Supply, Installation, Training and Warranty of Computer Aided Engineering Software Package required for PCPTF Instrumentation & Control",,2.0,CADtech Consultants Private Limited,1513350.0,2017-06-05 10:45:00,2017-09-08 08:00:00,2017-10-27 08:00:00
205,Gujarat Refinery||Contracts,Data Entry of documents/ drawings in LIBRARIAN software at Gujarat Refinery,Works,4.0,corrsonic engg & NDT services,1698400.0,2017-06-02 11:00:00,2017-12-13 00:00:00,
206,Research and Development||Contract Cell,Up Gradation of Software of STARS automation with BS VI complied Engine Test Cycles,Works,1.0,HORIBA India Pvt Ltd,3159096.0,2017-06-02 10:00:00,2017-12-12 00:00:00,
207,Defence Research and Development Organisation||Directorate of Civil Works and Estates - DRDO||Chief Construction Engineer (R and D) Delhi - DRDO,Comprehensive Maintenance of Computer Hardware Software System Communication System and LAN etc at Office of CCE RN D Delhi,Works,3.0,Uptel India,1749900.0,2017-06-01 18:00:00,2017-06-23 00:00:00,
208,Nuclear Power Corporation of India Limited,"Supply, Installation, Testing and Training of Labview Professional development system software, Labview Robotics module and labview real time module as per Section-C : Technical specification of Tender document.",,1.0,COMBINED DIGILOG SYSTEMS PVT LTD,1496240.0,2017-06-01 17:11:00,2017-09-25 08:00:00,2017-10-30 08:00:00
209,Power System Operation Corporation Limited||NERLDC-Shillong-POSOCO||Contracts and Materials Dept-NERLDC-POSOCO,"Procurement of Desk top Computer, Laptop, Books Scanner, printer and software.",Goods,3.0,Sun Shine Electricals,3471324.0,2017-06-01 14:30:00,2017-09-01 00:00:00,
210,"Department of Electronics and Information Technology(DeitY)||National Institute of Electronics and Information Technology, NIELIT,DeitY||NIELIT Aizawl - DeitY",Supply of Software and Hardware for Upgradation of Existing Network Infrastructure and Security System,Goods,3.0,"Infotech Solution,Interlace India Private Limited",1658170.52,2017-06-01 11:00:00,2017-07-07 00:00:00,
211,Indian Statistical Institute - Kolkata||North-East Centre-Tezpur - ISICAL,Supply of IBM SPSS Software,Goods,3.0,Sonata Information Technology Ltd,615247.0,2017-05-31 15:00:00,2017-06-21 00:00:00,
212,Defence Research and Development Organisation||Directorate of Material Management - DRDO||Office of DG(ECS) - DRDO||LRDE - DRDO,Independent Validation and Verification Activities for Mission Critical Software,Services,7.0,"Baehal Software ltd,AvioHeliTronics InfoSystems Pvt Ltd",11199386.0,2017-05-29 18:00:00,2018-03-23 00:00:00,
213,IHQ of MoD (Army)-(OSCC)||MGO BR-IHQ of MoD (Army)-(OSCC)||ORD DEPOTS-MGO BR-IHQ of MoD (Army)-(OSCC)||FD DEPOT 3-IHQ of MoD,SUPPLY FOR INSTALLATION OF ADHAAR ENABALED BIOMETRIC ATTENDANCE SYSTEM WITH HRM SOFTWARE,Works,3.0,Zetta Systems,440039.0,2017-05-27 14:30:00,2017-08-17 00:00:00,
214,Delhi Metro Rail Corporation Limited||CE/Tender (O and M) - DMRC,Upgradation of current lighting management system having LON gate way technology with router based technology including installing software with programming for 8th floor of Metro Bhawan,Works,1.0,SPACE SOLUTIONS,516000.0,2017-05-24 16:30:00,2017-11-06 00:00:00,
215,Development Commissioner(MSME)||HQ DC-MSME(Delhi)||SENET - DC-MSME,ENQUIRY FOR SUPPLY OF ALTERA SOFTWARE AND CYCLONE BOARDS,Goods,3.0,ni logic Pvt Ltd,650000.0,2017-05-22 18:50:00,2017-07-12 00:00:00,
216,Development Commissioner(MSME)||HQ DC-MSME(Delhi)||SENET - DC-MSME,ENQUIRY FOR SUPPLY OF UPGRADE AND RENEWAL OF UG NX SOFTWARE LICENSES FOR INSTALL 1344796 AND 1510216,Goods,1.0,3D Engineering Automation LLP,1467500.0,2017-05-22 18:00:00,2017-06-15 00:00:00,
217,Director-Indian Institute of Technology(IIT Delhi)||Dy.Registrar(Stores) Central Store Purchase Section-IIT Delhi,"Purchase of IPC with I/O modules, Linear Servo Motor with Drive and Software License for CNC Development.",Goods,1.0,Beckhoff Automation Pvt Ltd,1841331.0,2017-05-22 17:00:00,2018-03-13 00:00:00,
218,MMTC Limited,MMTC Limited invites E-Tender for Comprehensive Annual Maintenance and Renewal of Trend Micro Enterprise Security Suite 300 Licenses at MMTC Scope Complex New Delhi.,Works,1.0,SISL Infotech Pvt. Ltd.,1.0,2017-05-22 14:00:00,2017-06-28 00:00:00,
219,"Dir. Gen. Defence Estates,HQ||Central Command,DGDE||Cantt. Board,Landour,DGDE,CC",Development of online tax software for cantt board landour,Services,8.0,MACRO INFO SOLUTIONS,154943.0,2017-05-22 12:00:00,2017-08-07 00:00:00,
220,NTPC Ltd.,Supply and Installation of Software,,0.0,AGRAY INFOSOLUTIONS PVT LTD,118988.0,2017-05-22 01:01:00,2017-05-22 01:01:00,
221,Development Commissioner(MSME)||HQ DC-MSME(Delhi)||SENET - DC-MSME,ENQUIRY LETTER FOR SUPPLY OF EPLAN EDUCATION SOFTWARE PACKAGE,Goods,3.0,Ark Infosolutions Pvt Ltd,850000.0,2017-05-20 17:50:00,2017-07-12 00:00:00,
222,National Council of Science Museums,Supply of Academic Version Software - Windows Operating System Licence as per the Councils Specification as detailed in tender document.,Goods,5.0,Smart Planet IT Solutions Pvt Ltd,388550.0,2017-05-20 17:15:00,2017-11-07 00:00:00,
223,Defence Research and Development Organisation||Directorate of Material Management - DRDO||Office of DG(Aero) - DRDO||ADE - DRDO,Work Package for V and V of Airborne and Ground Software for additional requirements.,Services,7.0,Pinaka Aerospace Solutions Pvt Ltd,2771820.0,2017-05-18 16:15:00,2017-12-15 00:00:00,
224,BHEl TRICHY,Annual subscription of software,,1.0,"ZOHO CORPORATION PRIVATE LIMITED,",108582.4,2017-05-18 14:00:00,2017-08-17 14:00:00,
225,Guwahati Refinery||Materials,Supply of Optical Mark Recognition Software,Goods,2.0,Admen Multistudios,57067.92,2017-05-18 09:00:00,2017-06-19 00:00:00,
226,Nuclear Power Corporation of India Limited,Adobe Software,,1.0,Konark Solutions Bangalore Pvt Ltd,200930.4,2017-05-18 00:00:00,2017-12-05 08:00:00,2018-01-03 08:00:00
227,Defence Research and Development Organisation||Directorate of Material Management - DRDO||Office of DG(Aero) - DRDO||GTRE - DRDO,Procurement of Rational Test Real Time Software,Goods,2.0,MicroGenesis TechSoft Pvt Ltd,1208320.0,2017-05-16 12:00:00,2017-09-19 00:00:00,
228,Defence Research and Development Organisation||Directorate of Material Management - DRDO||Office of DG(NS and M) - DRDO||NMRL - DRDO,cPCI and PCI extender system with Fedora 20 Operating system and its software drivers as per NMRL specifications,Goods,3.0,"SLN Technologies Pvt. Ltd.,Pinaka Aerospace Solutions Pvt Ltd,Data Patterns (India) Private Limited",2596000.0,2017-05-15 15:00:00,2018-01-18 00:00:00,
229,Integrated Defence Staff||DSCC Bhopal - IDS,Technical Consultancy for NAV-IOS Linux based software,Services,1.0,Centre for Development of Advanced Computing,782608.0,2017-05-15 09:00:00,2017-10-06 00:00:00,
230,Defence Research and Development Organisation||Directorate of Material Management - DRDO||Office of DG(MSS) - DRDO||TBRL - DRDO,GRAPHICAL PROGRAMMING SOFTWARE,Goods,4.0,MAFFICK INSTRUMENTS,1722800.0,2017-05-13 09:00:00,2017-11-28 00:00:00,
231,Department of Fertilisers||Projects and development india Ltd.,License Activation-Renewal of PIPENET -Standard Module software package for PDIL Vadodara for a period of One year,Services,1.0,SUNRISE SYSTEMS Ltd,120044.0,2017-05-12 18:00:00,2017-06-13 00:00:00,
232,Defence Research and Development Organisation||Directorate of Material Management - DRDO||Office of DG(ECS) - DRDO||LASTEC - DRDO,TECHNICAL SUPPORT FOR DATABASE ADMINISTRATION AND MM SOFTWARE FOR 1 YEAR,Services,3.0,NETCOM DATA SYSTEMS,897000.0,2017-05-12 17:45:00,2017-06-16 00:00:00,
233,HINDUSTAN PETROLEUM CORPORATION LTD,AMC for Caesar-II software3Yrs,Limited,1.0,IMAGEGRAFIX ENGINEERING SERVICES PVT. LT,990000.0,2017-05-11 00:00:00,2017-11-03 00:00:00,2017-11-03 00:00:00
234,Union Public Service Commission||M and M - UPSC,Development of web-based Application Software for Venue Management System in UPSC,Works,6.0,Advantal Technologies Private Limited,287500.0,2017-05-08 15:00:00,2017-08-28 00:00:00,
235,Nuclear Power Corporation of India Limited,SERVER OPERATING SYSTEM SOFTWARE LICENSES,,4.0,Concept Computers,868499.0,2017-05-06 00:00:00,2017-11-13 08:00:00,2018-02-12 08:00:00
236,Defence Research and Development Organisation||Directorate of Material Management - DRDO||Office of DG(ACE) - DRDO||CVRDE - DRDO,Procurement of VI Aircraft software with additional Masterkey Plus tokens,Goods,1.0,CSM SOFTWARE PRIVATE LIMITED,11769178.0,2017-05-04 17:00:00,2017-09-20 00:00:00,
237,Defence Research and Development Organisation||Directorate of Material Management - DRDO||Office of DG(ECS) - DRDO||IRDE - DRDO,Annual Contract for Onsite Administrator and Operational Support of IMMS Software for 01 Year,Services,1.0,NETCOM DATA SOLUTIONS,920000.0,2017-05-02 12:00:00,2017-06-12 00:00:00,
238,Panipat Refinery||Contracts,Service contract for Maintenance of FCCU Advance Process Control APC Applications with latest updation of APC Software for 3 years RPRC175698,Works,1.0,Honeywell Automation India Limited,8787594.0,2017-05-01 18:45:00,2018-03-20 00:00:00,
239,NHPC Limited||Corporate Office-Faridabad-NHPC||Contract-E and M-CO-NHPC,Purchas of one no. License of Mike-21C Software,Goods,1.0,DHI India Water & Environment,3556390.0,2017-05-01 17:30:00,2017-11-16 00:00:00,
240,Nuclear Power Corporation of India Limited,OPENBOOK SCANNING & READING SOFTWARE,,1.0,Bracker India,92600.0,2017-05-01 00:00:00,2017-06-29 08:00:00,2017-10-27 08:00:00
241,Indian Institute of Management Ahmedabad,Tender for Empanelment of Software Development Work of Placement Office of IIM Ahmedabad,Services,9.0,PRECISE AUTOMATION AND ROBOTICS,420000.0,2017-04-27 14:00:00,2017-07-06 00:00:00,
242,Nuclear Power Corporation of India Limited,"Supply, Installation, Commissioning, Functional Performance Testing, Demonstration, Training and warrantee of HPGe-P type Coaxial Detector in vertical cryostat, including preamplifier (PA) with cooling input stage for high count rate and Liquid Nitrogen Level monitor along with audible alarm as per Annexure â€“ 1(DESKTOP MULTICHANNEL ANALYSER (DIGITAL SPECTRUM/SIGNAL ANALYSER) WITH HP(Ge) DETECTOR AND ANALYSIS SOFTWARE & HARDWARE)",,4.0,APLAB ENGICHEM PRIVATE LIMITED,7939663.0,2017-04-27 12:00:00,2017-11-08 08:00:00,2018-06-16 08:00:00
243,Defence Research and Development Organisation||Directorate of Material Management - DRDO||Office of DG(Aero) - DRDO||ADE - DRDO,Annual Software Maintenance For LDRA Tool Suite.,Services,1.0,LDRA Technology Pvt. Ltd.,686536.0,2017-04-24 16:00:00,2018-03-11 00:00:00,
244,BHEl TRICHY,STLD-DB Scanner PC & Software.,,1.0,MASIBUS AUTOMATION AND,0.0,2017-04-24 14:00:00,2017-06-05 14:00:00,
245,"Engineering Projects (India) Ltd||Eastern Regional Office, Kolkata",INTERIOR DECORATION AND ANCILLARY WORKS FOR THE OFFICE SPACE OF THE SOFTWARE TECHNOLOGY PARK OF INDIA AT SALTLAKE KOLKATA,Works,1.0,prescience techno industries,9398525.0,2017-04-21 11:10:00,2017-05-19 00:00:00,
246,Defence Research and Development Organisation||Directorate of Civil Works and Estates - DRDO||Chief Construction Engineer (R and D) North - DRDO,Comprehensive Annual Maintenance Contract for Software Packages and Computer Hardware systems and allied equipments at Delhi,Works,6.0,SYSTEMS ASSOCIATE,1585200.0,2017-04-20 18:30:00,2017-05-09 00:00:00,
247,Indian Institute of Engineering Science and Technology - Shibpur,Upgradation of existing B and K make PHOTON and FFT Analyzer with RT Pro Advanced Analysis Software Package,Goods,1.0,JOSTS ENGINEERING COMPANY LIMITED,296000.0,2017-04-20 12:30:00,2017-09-05 00:00:00,
248,NTPC Ltd.,NMS SOFTWARE,Limited,3.0,HEXXA GEO SYSTEMS INTEGRATORS,366948.24,2017-04-20 01:01:00,2017-06-15 01:01:00,
249,National Centre for Earth Science Studies||Purchase - NCESS,WinGLink Software,Goods,1.0,Schlumberger Solutions Private Limited,433160.0,2017-04-19 18:00:00,2018-12-24 00:00:00,
250,Central Pollution Control Board,Upgradation of CCR -Central Control Room Software for providing Graded Response to control Air Pollution,Works,2.0,Knowledge Lens Pvt. Ltd.,5209500.0,2017-04-14 17:00:00,2017-06-23 00:00:00,
251,Nuclear Power Corporation of India Limited,"Augmentation by Supply, Installation, Testing, Commissioning and Warranty of RFID smart card printing, personalization systems and software with enhanced features for NPCIL Access Control Systems at HQ & Various sites of NPCIL",,1.0,Electronics Corporation of India Limited,23008952.0,2017-04-13 15:30:00,2017-06-23 08:00:00,2017-12-22 08:00:00
252,Bharat Petroleum Corporation Limited,TAS SOFTWARE UPGRADE AND INTEGRATION OF BCUs AT BPCL KOYALI INSTALLATION,Limited,1.0,"Advanced Sys-tek Pvt. Ltd.,",2378880.0,2017-04-11 14:51:00,2017-08-23 05:39:00,2017-11-20 05:40:00
253,NHPC Limited||Corporate Office-Faridabad-NHPC||Contract-E and M-CO-NHPC,Upgradation of Resistivity Imaging Res2D/3D and SurfSeis 2 to SurfSeis 5.3 Software and Purchase of Liquefaction Potential Assessment LiqSVs Software,Goods,3.0,"AIMIL Ltd,ABEM INDIA PVT LTD",459000.0,2017-04-11 11:00:00,2017-10-09 00:00:00,
254,Airports Authority of India||Eastern Region - AAI||GAYA - AAI||GENERAL-VEGY - AAI,"Comprehensive Annual Maintenance Contract of Computers (Hardware, Software, Accessories), UPS, Printers and Scanners at Gaya Airport, Gaya",Services,4.0,KOMMINENI INFOTECH PVT LTD,163900.0,2017-04-10 17:00:00,2017-06-12 00:00:00,
255,Department of Electronics and Information Technology(DeitY)||Centre for Development of Advanced Computing - DeitY||Delhi - C-DAC - DeitY,"Supply, Installation, Commissioning and Onsite support of IT Hardware and Software at CARICOM Secretariat in Guyana, Barbados and Jamaica",Goods,3.0,Sanvei Overseas Private Limited,82788056.0,2017-04-10 10:00:00,2017-07-21 00:00:00,
256,National Centre for Earth Science Studies||Purchase - NCESS,"Software required for scientific data reduction, plotting and analysis",Goods,2.0,ADITI INFOTECH,298500.0,2017-04-07 18:00:00,2017-10-13 00:00:00,
257,Defence Research and Development Organisation||Directorate of Material Management - DRDO||Office of DG(Aero) - DRDO||GTRE - DRDO,Services for Software related activities for ATE-FADEC,Services,9.0,OAK SYSTEMS PRIVATE LIMITED,778800.0,2017-04-06 11:30:00,2017-11-13 00:00:00,
258,BHEL EDN,Software Modification For P15A ACS,,1.0,GE AVIO S.R.L.,0.0,2017-04-04 09:00:00,2017-04-04 09:00:00,2017-04-04 09:00:00
259,BHEL EDN,Software Modification For P15A ACS,,1.0,GE AVIO S.R.L.,0.0,2017-04-04 09:00:00,2017-04-04 09:00:00,2017-04-04 09:00:00
260,BHEL EDN,Software Modification For P15A ACS,,1.0,GE AVIO S.R.L.,0.0,2017-04-04 09:00:00,2017-04-04 09:00:00,2017-04-04 09:00:00
261,Refineries HQ||Materials,Primavera P6 Enterprise Project Portfolio Management Software,Goods,2.0,CADD Centre Training Services Pvt Ltd,202217.0,2017-04-03 17:00:00,2017-09-20 00:00:00,
262,NTPC Ltd.,Supply of Pvsyst Software Version 6 prem,,0.0,PVSYST SA,700.0,2017-04-03 01:01:00,2017-04-03 01:01:00,
263,NTPC Ltd.,Update support of Pvsyst Software versio,,0.0,PVSYST SA,260.0,2017-04-03 01:01:00,2017-04-03 01:01:00,2018-04-09 01:01:00
264,Defence Research and Development Organisation||Directorate of Material Management - DRDO||Office of DG(ACE) - DRDO||ARDE - DRDO,SolidWorks Professional (CAD) with SolidWorks Simulation Premium (CAE) software with Network/Floating License,Goods,1.0,PELF INFOTECH PRIVATE LIMITED,2800000.0,2017-03-31 17:00:00,2017-10-24 00:00:00,
265,Development Commissioner(MSME)||HQ DC-MSME(Delhi)||SENET - DC-MSME,SUPPLY OF THE STRUCTURAL STADD PRO SOFTWARE,Goods,2.0,Ark Infosolutions Pvt Ltd,608500.0,2017-03-30 09:00:00,2017-04-17 00:00:00,
266,MMTC Limited,comprehensive Annual Maintenance of System Hardware and Software,Works,1.0,M/s. Manor Computers and Communication Pvt. Ltd.,1.0,2017-03-28 14:00:00,2017-07-01 00:00:00,
267,"Dir. Gen. Defence Estates,HQ||Eastern Command,DGDE||Cantt. Board,Lebong,DGDE,EC","Design, Development and implementation of various software",Services,8.0,Satoop Media,515000.0,2017-03-28 09:00:00,2017-04-26 00:00:00,
268,"Dir. Gen. Defence Estates,HQ||Eastern Command,DGDE||Cantt. Board,Jalapahar,DGDE,EC","Design, Development and implementation of various software",Services,8.0,Satoop Media,410000.0,2017-03-28 09:00:00,2017-04-26 00:00:00,
269,BHEL EDN,PADO SOFTWARE FOR WanakBori - UNIT-8,,1.0,STEAG Energy Services GmbH,0.0,2017-03-27 09:00:00,2017-03-27 09:00:00,2017-03-27 09:00:00
270,BHEL EDN,PADO SOFTWARE FOR WanakBori - UNIT-8,,1.0,STEAG Energy Services GmbH,0.0,2017-03-27 09:00:00,2017-03-27 09:00:00,2017-03-27 09:00:00
271,BHEL EDN,PADO SOFTWARE FOR WanakBori - UNIT-8,,1.0,STEAG Energy Services GmbH,0.0,2017-03-27 09:00:00,2017-03-27 09:00:00,2017-03-27 09:00:00
272,BHEL EDN,PADO SOFTWARE FOR WanakBori - UNIT-8,,1.0,STEAG Energy Services GmbH,0.0,2017-03-27 09:00:00,2017-03-27 09:00:00,2017-03-27 09:00:00
273,BHEL EDN,PADO SOFTWARE FOR WanakBori - UNIT-8,,1.0,STEAG Energy Services GmbH,0.0,2017-03-27 09:00:00,2017-03-27 09:00:00,2017-03-27 09:00:00
274,BHEl TRICHY,AMC for 394 copies of AutoDesk Software,,1.0,"KKM SOFT PVT LTD.,",8919996.8,2017-03-25 14:00:00,2017-03-31 14:00:00,
275,Central Mine Planning and Design Institute Limited||Corporate Head Quarters||CHQ-Material Management,Supply of Software for planning and design of underground mine ventilation system and training thereon.,Goods,1.0,Datamine International Ltd,965091.0,2017-03-24 09:00:00,2017-11-16 00:00:00,
276,Defence Research and Development Organisation||Directorate of Material Management - DRDO||Office of DG(ACE) - DRDO||ARDE - DRDO,PADS standard Plus 3D Software,Goods,3.0,CoreEL Technology (I) Pvt Ltd,770000.0,2017-03-22 17:00:00,2017-11-27 00:00:00,
277,Defence Research and Development Organisation||Directorate of Material Management - DRDO||Office of DG(MED and COS) - DRDO||CAIR - DRDO,Network Simulator and Emulator Software,Goods,3.0,TETCOS,1752608.2,2017-03-22 12:30:00,2017-05-30 00:00:00,
278,Nuclear Power Corporation of India Limited,"Supplying, installing & commissioning of Gujarati Language software for 9th & 10th Standard as per Gujarat Secondary and Higher Secondary Education Board syllabus in surrounding area schools.",,1.0,Esense Learning Private Limited,404050.0,2017-03-22 12:30:00,2017-06-21 08:00:00,2017-08-28 08:00:00
279,BHEL EDN,HMS Software,,1.0,EMERSON PROCESS MANAGEMENT,0.0,2017-03-22 09:00:00,2017-03-22 09:00:00,2017-03-22 09:00:00
280,BHEL EDN,HMS Software,,1.0,EMERSON PROCESS MANAGEMENT,0.0,2017-03-22 09:00:00,2017-03-22 09:00:00,2017-03-22 09:00:00
281,BHEL EDN,HMS Software,,1.0,EMERSON PROCESS MANAGEMENT,0.0,2017-03-22 09:00:00,2017-03-22 09:00:00,2017-03-22 09:00:00
282,BHEL EDN,HMS Software,,1.0,EMERSON PROCESS MANAGEMENT,0.0,2017-03-22 09:00:00,2017-03-22 09:00:00,2017-03-22 09:00:00
283,BHEL EDN,PADO SOFTWARE FOR KOTHAGUDEM-VII UT:12,,1.0,STEAG Energy Services GmbH,0.0,2017-03-20 09:00:00,2017-03-20 09:00:00,2017-03-20 09:00:00
284,Development Commissioner(MSME)||HQ DC-MSME(Delhi)||SENET - DC-MSME,ENQUIRY LETTER FOR UPGRADE AND RENEWAL ALTAIR HYPERWORKS SOFTWARE 1000 HWU AT IGTR AURANGABAD,Goods,1.0,TECCAM INFOSOLUTIONS LLP,675000.0,2017-03-18 11:15:00,2017-03-31 00:00:00,
285,Department of Electronics and Information Technology(DeitY)||Centre for Development of Advanced Computing - DeitY||Delhi - C-DAC - DeitY,"Supply, Installation, Commissioning and Onsite support of IT Hardware and Software for Setting up of Centre of Excellence in IT in Papua New Guinea",Goods,6.0,BECIL,11257937.0,2017-03-18 11:00:00,2017-07-19 00:00:00,
286,Department of Electronics and Information Technology(DeitY)||Centre for Development of Advanced Computing - DeitY||Delhi - C-DAC - DeitY,"Supply, Installation, Commissioning and Onsite support of IT Hardware and Software for Setting up of Centre of Excellence in IT in Vanuatu",Goods,6.0,BECIL,9181889.0,2017-03-18 11:00:00,2017-07-19 00:00:00,
287,IHQ of MoD (Army)-(OSCC)||OTHERS-IHQ of MoD (Army)-(OSCC)||UNITS-OTHERS-IHQ of MoD (Army)-(OSCC)||UNIT 3-UNITS-OTHERS-IHQ of MoD,PROCUREMENT OF COTS SOFTWARE INCLUDING RENEWAL OF UTM LICENSES,Goods,3.0,Subha Technical Services Pvt Ltd,3740600.0,2017-03-17 16:00:00,2017-10-30 00:00:00,
288,BHEl TRICHY,AMC for SYSWELD Software,,1.0,"ESI SOFTWARE (INDIA) PVT LTD,",0.0,2017-03-17 14:00:00,2017-05-22 14:00:00,
289,Department of Electronics and Information Technology(DeitY)||Centre for Development of Advanced Computing - DeitY||Delhi - C-DAC - DeitY,"Supply, Installation, Commissioning and Onsite support of IT Hardware and Software for Setting up of Centre of Excellence in IT in Cairo Egypt",Goods,5.0,Datagold Software Private Limited,15673240.0,2017-03-17 11:30:00,2017-05-18 00:00:00,
290,Department of Electronics and Information Technology(DeitY)||Centre for Development of Advanced Computing - DeitY||Delhi - C-DAC - DeitY,"Supply, Installation, Commissioning and Onsite support of IT Hardware and Software for Setting up of Centre of Excellence in IT in Casablanca, Morocco",Goods,5.0,BECIL,13871536.0,2017-03-17 11:30:00,2017-05-18 00:00:00,
291,Department of Electronics and Information Technology(DeitY)||Centre for Development of Advanced Computing - DeitY||Thiruvananthapuram - C-DAC - DeitY,Supply of Software Licenses IAR Workbench,Goods,1.0,FTD INFOCOM PRIVATE LIMITED,289000.0,2017-03-16 17:00:00,2017-04-21 00:00:00,
292,Department of Electronics and Information Technology(DeitY)||Centre for Development of Advanced Computing - DeitY||Pune - C-DAC - DeitY,Renewal of Softwares for three years for ACTS Pune.,Goods,1.0,CoreEL Technology (I) Pvt Ltd,907300.0,2017-03-16 16:05:00,2017-04-06 00:00:00,
293,Department of Electronics and Information Technology(DeitY)||Centre for Development of Advanced Computing - DeitY||Pune - C-DAC - DeitY,Renewal of Seqrite Endpoint Antivirus Software,Goods,2.0,NEXTSTEP,336000.0,2017-03-16 12:15:00,2017-04-06 00:00:00,
294,Defence Research and Development Organisation||Directorate of Material Management - DRDO||Office of DG(Aero) - DRDO||GTRE - DRDO,Software Development for EMS and its ATE,Services,10.0,PIEAZO SYSTEMTECH PVT LTD,1521138.0,2017-03-16 09:00:00,2017-11-14 00:00:00,
295,SRPL Chennai||Technical Services,"Supply and loading HMI, FES Software at Trichy, Madurai and Sankari",Works,1.0,ELECTRONICS CORPORATION OF INDIA LIMITED,825500.0,2017-03-15 17:40:00,2017-04-28 00:00:00,
296,Department of Fertilisers||Projects and development india Ltd.,ARC of Maintenance of CONVAL SOFTWARE at PDIL Vadodara for 2 years,Services,1.0,CADtech Consultants Private Limited,250000.0,2017-03-14 16:17:00,2017-04-12 00:00:00,
297,IHQ of MoD (Army)-(OSCC)||ARTRAC-IHQ of MoD (Army)-(OSCC)||MCTE-ARTRAC-IHQ of MoD (Army)-(OSCC),Repair / Replacement of Equipment of Cyber Security laboratory. The present proposal is to undertake repairs of the faulty equipments and upgradation of outdated hardware and software systems of Cyber Security laboratory.,Goods,3.0,MAGNUM COMPUTERS,330140.0,2017-03-11 17:00:00,2017-03-22 00:00:00,
298,IHQ of MoD (Army)-(OSCC)||ARTRAC-IHQ of MoD (Army)-(OSCC)||MCTE-ARTRAC-IHQ of MoD (Army)-(OSCC),Repair / Replacement of Equipment of Cyber Security laboratory. The present proposal is to undertake repairs of the faulty equipments and upgradation of outdated hardware and software systems of Cyber Security laboratory.,Goods,2.0,PIYUSH ENTERPRISES,576675.0,2017-03-11 17:00:00,2017-03-22 00:00:00,
299,IHQ of MoD (Army)-(OSCC)||ARTRAC-IHQ of MoD (Army)-(OSCC)||MCTE-ARTRAC-IHQ of MoD (Army)-(OSCC),Repair / Replacement of Equipment of Network Lab. The present proposal is to undertake repairs of the faulty equipments and upgradation of outdated hardware and software systems of network lab and training on these latest systems,Works,3.0,MAGNUM COMPUTERS,581800.0,2017-03-11 15:00:00,2017-03-22 00:00:00,
300,IHQ of MoD (Army)||1 CORPS||OTHERUNITS,Purchase software,Goods,1.0,abc,199525.0,2017-03-10 07:40:00,2017-03-18 00:00:00,
301,Nuclear Power Corporation of India Limited,DATA ACQUISITION & LOGGER SYSTEM & ITS LICENSED SOFTWARE ALONG WITH INPUTMODULE MAKE: YOKOGAWA/KEYSIGHT/FLUKE/ABB/EUROTHERM,,3.0,D.B. Solutions,233625.0,2017-03-10 00:00:00,2017-06-02 08:00:00,2017-11-20 08:00:00
302,Development Commissioner(MSME)||HQ DC-MSME(Delhi)||SENET - DC-MSME,ENQUIRY FOR UPGRADE AND RENEWAL OF UG NX SOFTWARE LICENSES QTY 45 NOS,Goods,1.0,3D Engineering Automation LLP,1340000.0,2017-03-09 18:50:00,2017-03-31 00:00:00,
303,E-IN-C BRANCH - MILITARY ENGINEER SERVICES||CE WC AND CE CHANDIGARH ZONE - MES||CWE SHIMLA HILLS - MES||GE JUTOGH - MES,"Supply of software useful for preparation of RIC, AE, TS, RAR, Final Bill etc.",Goods,4.0,NP Enterprises,181250.0,2017-03-09 17:30:00,2017-06-23 00:00:00,
304,Indian Air Force||AOM Air HQ(VB) - IAF||ACAS(PROC) - IAF,PROCUREMENT OF MANAGE ENGINE SOFTWARE,Goods,2.0,Subha Technical Services Pvt Ltd,217772.0,2017-03-06 18:00:00,2017-07-06 00:00:00,
305,Development Commissioner(MSME)||HQ DC-MSME(Delhi)||SENET - DC-MSME,Purchase of Software,Goods,3.0,"Brisk Infonet Pvt Ltd,M/S SOFTLINE NETWORK,BIT SOLUTION",485821.0,2017-03-06 14:00:00,2017-05-01 00:00:00,
306,Bharat Petroleum Corporation Limited,Renewal of Support & Subscription of IBM Software Licenses,Limited,1.0,IBM India Pvt limited,4570799.31,2017-03-04 12:10:00,2017-06-12 05:16:00,2017-10-31 18:29:00
307,Union Public Service Commission||M and M - UPSC,Supply of Antivirus Software for 750 users,Goods,5.0,Cybernetsecurity,534600.0,2017-03-03 17:00:00,2017-06-08 00:00:00,
308,E-IN-C BRANCH - MILITARY ENGINEER SERVICES||CE WC and CE DELHI ZONE-MES,Job Order for Development of File Management Software,Works,6.0,Comtech Enterprises,395600.0,2017-03-03 14:30:00,2017-06-01 00:00:00,
309,"Inland Waterways Authority of India,MoS","Supply and installation of Computer Hardware, Software, and computer related items",Goods,4.0,Astech Systems Pvt. Ltd.,746589.0,2017-03-03 14:00:00,2017-07-13 00:00:00,
310,Panipat Refinery||Materials,TANKMASTER SOFTWARE AS PER TENDER,Goods,1.0,Emerson Process Management(India)Pvt Ltd.,670000.0,2017-03-02 15:00:00,2017-05-23 00:00:00,
311,IHQ of MoD (Army)||11 CORPS||B DIV,Procurement of COTS Software,Goods,2.0,"CEP ENTERPRISES,PD ENTERPRISES",199885.0,2017-02-28 12:32:00,2017-03-21 00:00:00,
312,Central Coalfields Limited||Magadh and Amrapali,Providing non- comprehensive AMC of Road weighbridges (Hardware and software) .,Services,1.0,pragati instrumentation private limited,132000.0,2017-02-28 11:00:00,2017-04-22 00:00:00,
313,IHQ of MoD (Army)-(OSCC)||OTHERS-IHQ of MoD (Army)-(OSCC)||UNITS-OTHERS-IHQ of MoD (Army)-(OSCC)||UNIT 3-UNITS-OTHERS-IHQ of MoD,IBM Appscan Software Application,Goods,7.0,Trident Information Systems Pvt Ltd,14476346.0,2017-02-28 11:00:00,2017-10-17 00:00:00,
314,Central Mine Planning and Design Institute Limited||Corporate Head Quarters||CHQ-Material Management,"Supply, installation, commissioning of RiSCAN Pro Software with Multi-Station Adjustment Module and training thereon.",Goods,1.0,Meatech Solutions LLP,5999250.0,2017-02-28 09:00:00,2017-11-13 00:00:00,
315,Research and Development||Materials,"Procurement of Steady-State Process Simulation, Rating and Design Software including Reactor Models",Goods,3.0,"Aspen Technology, Inc.",1169299.0,2017-02-28 09:00:00,2018-01-23 00:00:00,
316,E-IN-C BRANCH - MILITARY ENGINEER SERVICES||CE EC AND DGNP (VIZAG) - MES||DGNP VIZAG - MES||DGNPVIZAG - MES,PROCUREMENT OF STAAD PRO V8i SOFTWARE WITH IS CODE AND LEAP BRIDGE SOFTWARE,Goods,2.0,C-SOFT,518000.0,2017-02-23 18:05:00,2017-04-26 00:00:00,
317,IHQ of MoD (Army)-(OSCC)||ARTRAC-IHQ of MoD (Army)-(OSCC)||OTA GAYA-ARTRAC-IHQ of MoD (Army)-(OSCC),Procurement of Miscellaneous COTS Software,Goods,3.0,A.K. ENTERPRISES,436610.0,2017-02-23 09:00:00,2017-02-25 00:00:00,
318,IHQ of MoD (Army)-(OSCC)||ARTRAC-IHQ of MoD (Army)-(OSCC)||OTA GAYA-ARTRAC-IHQ of MoD (Army)-(OSCC),Procurement of Miscellaneous Microsoft Client Access COTS Software,Goods,3.0,Agarwal & Company,381900.0,2017-02-23 09:00:00,2017-02-27 00:00:00,
319,Director-Indian Institute of Technology(IIT Delhi)||Dy.Registrar(Stores) Central Store Purchase Section-IIT Delhi,MAPLE software,Goods,1.0,Binary Semantics Limited,332840.0,2017-02-22 16:00:00,2017-07-13 00:00:00,
320,NHPC Limited||Corporate Office-Faridabad-NHPC||Contract-Civil-CO-NHPC,"Installation and Maintenance of one terminal/ workstation (software only) at NHPC Ltd., Faridabad for providing Forex Live Data and Other Economic Indicators for Two Years",Services,2.0,TickerPlant Limited,607200.0,2017-02-21 15:00:00,2017-07-04 00:00:00,
321,Defence Research and Development Organisation||Directorate of Material Management - DRDO||Office of DG(ACE) - DRDO||DTRL - DRDO,"This development contract is for design, implementation and testing of software for storage, retrieval, and matching of signature library constructed using hyper-spectral data",Goods,2.0,Trident Information Systems Pvt Ltd,4734740.0,2017-02-21 11:00:00,2018-09-06 00:00:00,
322,Nuclear Power Corporation of India Limited,SUPPLY OF ENGINEERING ASSISTANT SOFTWARE PROGRAM,,1.0,Dycon Systems Pvt. Ltd.,214200.0,2017-02-18 09:34:00,2017-04-18 08:00:00,2017-07-04 08:00:00
323,BHEL EDN,HMI SOFTWARE FOR PV SCADA,,1.0,SYNERGY SYSTEMS & SOLUTIONS,0.0,2017-02-15 09:00:00,2017-02-15 09:00:00,2017-02-15 09:00:00
324,Defence Research and Development Organisation||Directorate of Material Management - DRDO||Office of DG(Aero) - DRDO||ADRDE - DRDO,"Development and supply of Software for Ram Air Parachute modelling, simulation and analysis",Goods,3.0,"Bharat Forge Ltd.,SREE HARSHI INFOWAY PVT LTD,Zeus Numerix Private Limited",2275000.0,2017-02-14 12:30:00,2018-01-17 00:00:00,
325,Department of Electronics and Information Technology(DeitY)||Centre for Development of Advanced Computing - DeitY||Pune - C-DAC - DeitY,Supply integration of Hyperworks Software Tools,Goods,3.0,DesignTech Systems Ltd,2649084.0,2017-02-13 17:15:00,2017-04-24 00:00:00,
326,Nuclear Power Corporation of India Limited,Annual Maintenance Contract for Cadmatic Plant Modeller Software for a period of one year for four licenses starting from April 1st 2017.,,1.0,Cadmatic Software Solutions Pvt Ltd,395670.0,2017-02-13 15:00:00,2017-04-01 08:00:00,2018-03-31 08:00:00
327,Nuclear Power Corporation of India Limited,ULTRASONIC FLAW DETECTOR ALONG WITH ACCESSORIES AND SOFTWARE,,9.0,Modsonic Instruments Mfg.Co.Pvt.Ltd,674576.0,2017-02-13 00:00:00,2017-05-12 08:00:00,2017-08-21 08:00:00
328,Mangalore Refinery and Petrochemicals Limited,IMPLEMENTATION OF E-MAIL JOURNAL SOFTWARE.,Limited,2.0,NINTH DIMENSION IT SOLUTIONS PVT. LTD.,1782181.0,2017-02-13 00:00:00,2017-04-25 00:00:00,
329,Central Coalfields Limited||HQ MM,Terrestrial 3D Laser Scanner with suitable software,Goods,1.0,Meatech Solutions LLP,50850222.0,2017-02-10 18:00:00,2017-09-19 00:00:00,
330,Development Commissioner(MSME)||HQ DC-MSME(Delhi)||SENET - DC-MSME,Shoe CAD Software Upgradation (Dimension 2D Upgrade from Ver 5.1/5.2 to 6.0),Goods,1.0,APSOM INFOTEX LTD.,1149999.0,2017-02-10 17:30:00,2017-06-24 00:00:00,
331,Indian Coast Guard||HQ Coast Guard-New Delhi - ICG||Directorate of IT - ICG,SUPPLY OF ORACLE DATABASE ENTERPRICE SOFTWARE ALONG WITH ANNUAL TECHNICAL SUPPORT,Goods,7.0,Bodhtree Consulting Limited,7937954.0,2017-02-09 15:30:00,2017-08-04 00:00:00,
332,Satyajit Ray Film and Television Institute||Purchase - SRFTI,Tender for the Supply installation testing and commissioning of Apple i-Mac systems and Mac Mini with accessories and software at Itanagar campus,Goods,2.0,Macintel Solutions,1182252.0,2017-02-08 16:00:00,2017-03-24 00:00:00,
333,Refineries HQ||Contracts,"Service agreement for AMC for PVELITE Software - Standard Concurrent Use, Update, Maintenance and Support, installed at IOCL Refinery Headquarters, New Delhi",Works,1.0,ImageGrafix Engineering Services Pvt. Ltd.,385000.0,2017-02-08 13:04:00,2017-04-11 00:00:00,
334,Union Public Service Commission||M and M - UPSC,Tender for Procurement of SPSS Statistical Software,Goods,3.0,SPSS SOUTH ASIA PRIVATE LIMITED,606102.0,2017-02-06 16:00:00,2017-04-18 00:00:00,
335,IHQ of MoD (Army)-(OSCC)||Southern Comd-IHQ of MoD (Army)-(OSCC)||CORPS 1-Southern Comd-IHQ of MoD (Army)-(OSCC)||DIV A-CORPS1-Southern Comd-IHQ of MoD,IT HARDWARE AND SOFTWARE EQUIPMENT,Goods,2.0,JRDServices,389153.0,2017-02-06 14:40:00,2017-02-23 00:00:00,
336,"Department of Revenue||Central Board of Excise and Customs||CC V General, Mumbai, Mumbai III Cus Zone",ANNUAL MAINTENANCE CONTRACT OF 169 COMPUTERS 121 PRINTERS AND INSTALLATION OF ANTIVIRUS SOFTWARE IN 201 COMPUTERS,Services,8.0,kommineni infotech pvt ltd,249860.0,2017-02-03 18:00:00,2017-04-01 00:00:00,
337,IHQ of MoD (Army)||ARTRAC||EME SCHOOL,Design and Devp of Software to study the feasibility of use of ER/MR fluid for Recoil damping system with an aim to reduce Recoil forces in the existing IFG/LFG,Works,1.0,R Tekhno Solutions Pvt. Ltd,133000.0,2017-02-03 12:25:00,2017-02-25 00:00:00,
338,Department of Electronics and Information Technology(DeitY)||Centre for Development of Advanced Computing - DeitY||Mumbai - C-DAC - DeitY,"RFP for supply, installation, training and maintenance of Encryption Handling Software (Encryption Handling / Encrypted Data Analytics)",Goods,2.0,Pyramid Cyber Security and Forensic Pvt. Ltd.,7999400.0,2017-02-02 18:00:00,2017-05-30 00:00:00,
339,E-IN-C BRANCH - MILITARY ENGINEER SERVICES||CE EC AND CE SHILLONG ZONE - MES||CWE Shillong - MES||GE NARANGI - MES,MAINTENANCE OF WATER SUPPLY SYSTEM INCLUDING COMPONENTS OF SUPERVISORY AND DATA ACCQUISITION SOFTWARE SYSTEM INSTALLATED AT NARANGI MIL STATION UNDER GE NARANGI,Works,3.0,Recktronic Devices and Systems,2446580.0,2017-02-02 14:00:00,2017-08-16 00:00:00,
340,IHQ of MoD (Army)-(OSCC)||ARTRAC-IHQ of MoD (Army)-(OSCC)||AECTC and C-ARTRAC-IHQ of MoD (Army)-(OSCC),Procurement of COTS Software,Goods,3.0,Royal Groups of Engineers And Co.,876792.0,2017-02-02 13:20:00,2017-03-03 00:00:00,
341,"Border Roads Organisation||HQ DGBR(Delhi),BRO,MORTH",Tender for supply and installation of STAAD.Pro Software,Works,1.0,Microsharp Software Technologies,922075.0,2017-02-02 10:00:00,2018-09-19 00:00:00,
342,Defence Research and Development Organisation||Directorate of Material Management - DRDO||Office of DG(ACE) - DRDO||PXE - DRDO,Supply of MATLAB software with tool boxes as per in Appendix-A,Goods,1.0,DesignTech Systems Ltd,1421069.0,2017-02-01 15:00:00,2017-04-11 00:00:00,
343,BHEL BHOPAL,"1) 1 SET OF RFID SOLUTION @ RS. 4,65,000/-, SOFTWARE @ RS. 1,99,000. SCOPE OF SUPPLY AND SPECIFICATION AS PER ANNEXURE-1. Qty: 1 ST",,,INTELIFOR TECHNOLOGIES PVT. LTD.,,2017-01-31 17:00:00,2017-03-18 17:00:00,
344,National Institute of Wind Energy (NIWE),"Installation, Testing and Demonstration for Development of Online Application in Open Source Software",Goods,1.0,Futurenet Technologies India Pvt. Ltd.,971750.0,2017-01-31 10:10:00,2017-03-24 00:00:00,
345,E-IN-C BRANCH - MILITARY ENGINEER SERVICES||CESC AND CE (AF) NAGPUR - MES,QUOTATION FOR SUPPLY OF SOFTWARE,Goods,4.0,Synergy Engineering & Environmental solutions Pvt.ltd.,434500.0,2017-01-27 17:01:00,2017-03-22 00:00:00,
346,Development Commissioner(MSME)||HQ DC-MSME(Delhi)||SENET - DC-MSME,Purchase of Software,Goods,4.0,M/S SOFTLINE NETWORK,45000.0,2017-01-27 13:00:00,2017-03-02 00:00:00,
347,Central Mine Planning and Design Institute Limited||Regional Institute - V||RR-V-Purchase Department,"Supply, installation, commissioning of Auto Scaling Fragmentation software with Updates (for fragmentation analysis of blasted materials) and training thereon along with Tablet or iPad",Goods,1.0,GLOBE AGENCIES,235125.0,2017-01-25 11:00:00,2017-03-20 00:00:00,
348,IHQ of MoD (Army)-(OSCC)||OTHERS-IHQ of MoD (Army)-(OSCC)||UNITS-OTHERS-IHQ of MoD (Army)-(OSCC)||UNIT 3-UNITS-OTHERS-IHQ of MoD,Procurement of Software,Goods,6.0,"Pyramid Cyber Security and Forensic Pvt. Ltd.,AKS Information Technology Services Pt. Ltd,3rd Eye techno Solutions Pvt. Ltd,Ninja Info-Sec. Services pvt. Ltd.,Pelorus Technologies Pvt. Ltd.,Code Decode Labs Pvt. Ltd",3439961.0,2017-01-24 16:00:00,2018-04-26 00:00:00,
349,Director-Indian Institute of Technology(IIT Delhi)||Dy.Registrar(Stores) Central Store Purchase Section-IIT Delhi,BUGGY MOBILE ROBOT WITH SOFTWARE,Goods,1.0,TECHNICS INFOSOLUTIONS PVT. LTD.,445725.0,2017-01-24 15:00:00,2017-07-13 00:00:00,
